Date,Open,High,Low,Close,Adj Close,Volume,Stock
2022-11-17,237.779999,243.25,237.630005,241.679993,241.679993,23103700,MSFT
2022-11-16,242.789993,243.800003,240.419998,241.729996,241.729996,24093300,MSFT
2022-11-15,245.660004,247,240.029999,241.970001,241.290009,31390100,MSFT
2022-11-14,241.990005,243.910004,239.210007,241.550003,240.871185,31123300,MSFT
2022-11-11,242.990005,247.990005,241.929993,247.110001,246.415558,34600900,MSFT
2022-11-10,235.429993,243.330002,235,242.979996,242.297165,46268000,MSFT
2022-11-09,227.369995,228.630005,224.330002,224.509995,223.879074,27852900,MSFT
2022-11-08,228.699997,231.649994,225.839996,228.869995,228.226822,28192500,MSFT
2022-11-07,221.990005,228.410004,221.279999,227.869995,227.22963,33498000,MSFT
2022-11-04,217.550003,221.589996,213.429993,221.389999,220.767838,36767800,MSFT
2022-11-03,220.089996,220.410004,213.979996,214.25,213.647903,36633900,MSFT
2022-11-02,229.460007,231.300003,220.039993,220.100006,219.481476,38407000,MSFT
2022-11-01,234.600006,235.740005,227.330002,228.169998,227.528793,30592300,MSFT
2022-10-31,233.759995,234.919998,231.149994,232.130005,231.477661,28357300,MSFT
2022-10-28,226.240005,236.600006,226.050003,235.869995,235.207138,40647700,MSFT
2022-10-27,231.039993,233.690002,225.779999,226.75,226.112778,40424600,MSFT
2022-10-26,231.169998,238.300003,230.059998,231.320007,230.669937,82543200,MSFT
2022-10-25,247.259995,251.039993,245.830002,250.660004,249.955582,34775500,MSFT
2022-10-24,243.759995,247.839996,241.300003,247.25,246.555176,24911200,MSFT
2022-10-21,234.740005,243,234.5,242.119995,241.439575,26299700,MSFT
2022-10-20,235.770004,241.309998,234.869995,236.149994,235.486359,21811000,MSFT
2022-10-19,237.039993,239.610001,234.289993,236.479996,235.81543,19985700,MSFT
2022-10-18,243.240005,243.929993,235.369995,238.5,237.829758,26329600,MSFT
2022-10-17,235.820007,238.960007,235.139999,237.529999,236.862488,28142300,MSFT
2022-10-14,235.539993,237.240005,228.339996,228.559998,227.917694,30198600,MSFT
2022-10-13,219.850006,236.100006,219.130005,234.240005,233.581741,42551800,MSFT
2022-10-12,225.399994,227.860001,223.960007,225.75,225.115585,21903900,MSFT
2022-10-11,227.619995,229.059998,224.110001,225.410004,224.77655,30474000,MSFT
2022-10-10,233.050003,234.559998,226.729996,229.25,228.605759,29743600,MSFT
2022-10-07,240.899994,241.320007,233.169998,234.240005,233.581741,37769600,MSFT
2022-10-06,247.929993,250.339996,246.080002,246.789993,246.096451,20239900,MSFT
2022-10-05,245.990005,250.580002,244.100006,249.199997,248.49968,20347100,MSFT
2022-10-04,245.089996,250.360001,244.979996,248.880005,248.180588,34888400,MSFT
2022-10-03,235.410004,241.610001,234.660004,240.740005,240.063461,28880400,MSFT
2022-09-30,238.289993,240.539993,232.729996,232.899994,232.245483,35694800,MSFT
2022-09-29,238.889999,239.949997,234.410004,237.5,236.832565,27484200,MSFT
2022-09-28,236.809998,242.330002,234.729996,241.070007,240.392548,29029700,MSFT
2022-09-27,239.979996,241.800003,234.5,236.410004,235.745636,27018700,MSFT
2022-09-26,237.050003,241.449997,236.899994,237.449997,236.7827,27694200,MSFT
2022-09-23,239.539993,241.130005,235.199997,237.919998,237.251389,34176000,MSFT
2022-09-22,237.869995,243.860001,237.570007,240.979996,240.30278,31061200,MSFT
2022-09-21,244.270004,247.660004,238.899994,238.949997,238.278488,28625600,MSFT
2022-09-20,242.070007,243.509995,239.639999,242.449997,241.768661,26660300,MSFT
2022-09-19,242.470001,245.139999,240.850006,244.520004,243.83284,26826900,MSFT
2022-09-16,244.259995,245.300003,242.059998,244.740005,244.052231,39791800,MSFT
2022-09-15,249.770004,251.399994,244.020004,245.380005,244.69043,31530900,MSFT
2022-09-14,253.529999,254.229996,249.860001,252.220001,251.5112,23913000,MSFT
2022-09-13,258.839996,260.399994,251.589996,251.990005,251.28186,33353300,MSFT
2022-09-12,265.779999,267.450012,265.160004,266.649994,265.900635,18747700,MSFT
2022-09-09,260.5,265.230011,260.290009,264.459991,263.716797,22084700,MSFT
2022-09-08,257.51001,260.429993,254.789993,258.519989,257.793488,20319900,MSFT
2022-09-07,254.699997,258.829987,253.220001,258.089996,257.364716,24126700,MSFT
2022-09-06,256.200012,257.829987,251.940002,253.25,252.5383,21328200,MSFT
2022-09-02,261.700012,264.73999,254.470001,256.059998,255.340408,22855400,MSFT
2022-09-01,258.869995,260.890015,255.410004,260.399994,259.668213,23263400,MSFT
2022-08-31,265.390015,267.109985,261.329987,261.470001,260.735199,24791800,MSFT
2022-08-30,266.670013,267.049988,260.660004,262.970001,262.230988,22767100,MSFT
2022-08-29,265.850006,267.399994,263.850006,265.230011,264.48465,20338500,MSFT
2022-08-26,279.079987,280.339996,267.980011,268.089996,267.336609,27549300,MSFT
2022-08-25,277.329987,279.019989,274.519989,278.850006,278.066376,16583400,MSFT
2022-08-24,275.410004,277.230011,275.109985,275.790009,275.014984,18137000,MSFT
2022-08-23,276.440002,278.859985,275.399994,276.440002,275.663147,17527400,MSFT
2022-08-22,282.079987,282.459991,277.220001,277.75,276.969452,25061100,MSFT
2022-08-19,288.899994,289.25,285.559998,286.149994,285.345856,20570000,MSFT
2022-08-18,290.190002,291.910004,289.079987,290.170013,289.354553,17186200,MSFT
2022-08-17,289.73999,293.350006,289.470001,291.320007,290.501343,18253400,MSFT
2022-08-16,291.98999,294.040009,290.420013,292.709991,291.269165,18102900,MSFT
2022-08-15,291,294.179993,290.109985,293.470001,292.025452,18085700,MSFT
2022-08-12,288.480011,291.910004,286.940002,291.910004,290.473114,22619700,MSFT
2022-08-11,290.850006,291.209991,286.51001,287.019989,285.607147,20065900,MSFT
2022-08-10,288.170013,289.809998,286.940002,289.160004,287.736633,24687800,MSFT
2022-08-09,279.640015,283.079987,277.609985,282.299988,280.9104,23405200,MSFT
2022-08-08,284.049988,285.920013,279.320007,280.320007,278.940155,18739200,MSFT
2022-08-05,279.149994,283.649994,278.679993,282.910004,281.517395,16774600,MSFT
2022-08-04,281.799988,283.799988,280.170013,283.649994,282.253754,18098700,MSFT
2022-08-03,276.76001,283.5,276.609985,282.470001,281.079559,23518900,MSFT
2022-08-02,276,277.890015,272.380005,274.820007,273.467224,22754200,MSFT
2022-08-01,277.820007,281.279999,275.839996,278.01001,276.641541,21539600,MSFT
2022-07-29,277.700012,282,276.630005,280.73999,279.358093,32152800,MSFT
2022-07-28,269.75,277.839996,267.869995,276.410004,275.049408,33459300,MSFT
2022-07-27,261.160004,270.049988,258.850006,268.73999,267.417145,45994000,MSFT
2022-07-26,259.859985,259.880005,249.570007,251.899994,250.660034,39348000,MSFT
2022-07-25,261,261.5,256.809998,258.829987,257.555908,21056000,MSFT
2022-07-22,265.23999,265.329987,259.070007,260.359985,259.0784,21881300,MSFT
2022-07-21,259.790009,264.890015,257.029999,264.839996,263.536346,22404700,MSFT
2022-07-20,259.899994,264.869995,258.910004,262.269989,260.979004,22788300,MSFT
2022-07-19,257.579987,259.720001,253.679993,259.529999,258.252502,25012600,MSFT
2022-07-18,259.75,260.839996,253.300003,254.25,252.998474,20975000,MSFT
2022-07-15,255.720001,260.369995,254.770004,256.720001,255.456314,29774100,MSFT
2022-07-14,250.570007,255.139999,245.940002,254.080002,252.82933,25102800,MSFT
2022-07-13,250.190002,253.550003,248.110001,252.720001,251.476013,29497400,MSFT
2022-07-12,265.880005,265.940002,252.039993,253.669998,252.421326,35868500,MSFT
2022-07-11,265.649994,266.529999,262.179993,264.51001,263.207977,19455200,MSFT
2022-07-08,264.790009,268.100006,263.290009,267.660004,266.342468,19658800,MSFT
2022-07-07,265.119995,269.059998,265.019989,268.399994,267.078827,20859900,MSFT
2022-07-06,263.75,267.98999,262.399994,266.209991,264.899597,23824400,MSFT
2022-07-05,256.160004,262.980011,254.740005,262.850006,261.556152,22941000,MSFT
2022-07-01,256.390015,259.769989,254.610001,259.579987,258.302216,22837700,MSFT
2022-06-30,257.049988,259.529999,252.899994,256.829987,255.565781,31730900,MSFT
2022-06-29,257.589996,261.970001,255.759995,260.26001,258.978912,20069800,MSFT
2022-06-28,263.980011,266.910004,256.320007,256.480011,255.217514,27295500,MSFT
2022-06-27,268.209991,268.299988,263.279999,264.890015,263.586121,24615100,MSFT
2022-06-24,261.809998,267.980011,261.720001,267.700012,266.382294,33923200,MSFT
2022-06-23,255.570007,259.369995,253.630005,258.859985,257.585785,25861400,MSFT
2022-06-22,251.889999,257.170013,250.369995,253.130005,251.884003,25939900,MSFT
2022-06-21,250.259995,254.75,249.509995,253.740005,252.490997,29928300,MSFT
2022-06-17,244.699997,250.5,244.029999,247.649994,246.430969,43084800,MSFT
2022-06-16,245.979996,247.419998,243.020004,244.970001,243.76416,33169200,MSFT
2022-06-15,248.309998,255.300003,246.419998,251.759995,250.520737,33111700,MSFT
2022-06-14,243.860001,245.740005,241.509995,244.490005,243.28653,28651500,MSFT
2022-06-13,245.110001,249.020004,241.529999,242.259995,241.067505,46135800,MSFT
2022-06-10,260.579987,260.579987,252.529999,252.990005,251.74469,31422800,MSFT
2022-06-09,267.779999,272.709991,264.630005,264.790009,263.486633,26439700,MSFT
2022-06-08,271.709991,273,269.609985,270.410004,269.078949,17372300,MSFT
2022-06-07,266.640015,273.130005,265.940002,272.5,271.158661,22860700,MSFT
2022-06-06,272.059998,274.179993,267.220001,268.75,267.427094,22400300,MSFT
2022-06-03,270.309998,273.450012,268.410004,270.019989,268.690857,28059000,MSFT
2022-06-02,264.450012,274.649994,261.600006,274.579987,273.228394,44008200,MSFT
2022-06-01,275.200012,277.690002,270.040009,272.420013,271.079041,25292200,MSFT
2022-05-31,272.529999,274.769989,268.929993,271.869995,270.531769,37827700,MSFT
2022-05-27,268.480011,273.339996,267.559998,273.23999,271.894989,26910800,MSFT
2022-05-26,262.269989,267.109985,261.429993,265.899994,264.591125,25002100,MSFT
2022-05-25,258.140015,264.579987,257.130005,262.519989,261.227783,28547900,MSFT
2022-05-24,257.890015,261.329987,253.5,259.619995,258.342041,29043900,MSFT
2022-05-23,255.490005,261.5,253.429993,260.649994,259.366974,33175400,MSFT
2022-05-20,257.23999,258.540009,246.440002,252.559998,251.316803,39199300,MSFT
2022-05-19,253.899994,257.670013,251.880005,253.139999,251.893951,32692300,MSFT
2022-05-18,263,263.600006,252.770004,254.080002,252.82933,31356000,MSFT
2022-05-17,266.109985,268.329987,262.459991,266.820007,264.889679,28828800,MSFT
2022-05-16,259.959991,265.820007,255.779999,261.5,259.608154,32550900,MSFT
2022-05-13,257.350006,263.040009,255.350006,261.119995,259.230927,34925100,MSFT
2022-05-12,257.690002,259.880005,250.020004,255.350006,253.50264,51033800,MSFT
2022-05-11,265.679993,271.359985,259.299988,260.549988,258.665009,48975900,MSFT
2022-05-10,271.690002,273.75,265.070007,269.5,267.550262,39336400,MSFT
2022-05-09,270.059998,272.359985,263.320007,264.579987,262.665863,47726000,MSFT
2022-05-06,274.809998,279.25,271.269989,274.730011,272.742432,37780300,MSFT
2022-05-05,285.540009,286.350006,274.339996,277.350006,275.343475,43260400,MSFT
2022-05-04,282.589996,290.880005,276.730011,289.980011,287.882111,33599300,MSFT
2022-05-03,283.959991,284.130005,280.149994,281.779999,279.741425,25978600,MSFT
2022-05-02,277.709991,284.940002,276.220001,284.470001,282.411957,35151100,MSFT
2022-04-29,288.609985,289.880005,276.5,277.519989,275.512207,37073900,MSFT
2022-04-28,285.190002,290.980011,281.459991,289.630005,287.534637,33646600,MSFT
2022-04-27,282.100006,290.970001,279.160004,283.220001,281.171021,63477700,MSFT
2022-04-26,277.5,278.359985,270,270.220001,268.265076,46518400,MSFT
2022-04-25,273.290009,281.109985,270.769989,280.720001,278.689087,35678900,MSFT
2022-04-22,281.679993,283.200012,273.380005,274.029999,272.047485,29405800,MSFT
2022-04-21,288.579987,293.299988,280.059998,280.809998,278.778412,29454600,MSFT
2022-04-20,289.399994,289.700012,285.369995,286.359985,284.288269,22906700,MSFT
2022-04-19,279.380005,286.170013,278.410004,285.299988,283.235962,22297700,MSFT
2022-04-18,278.910004,282.459991,278.339996,280.519989,278.49054,20778000,MSFT
2022-04-14,288.089996,288.309998,279.320007,279.829987,277.805542,28221600,MSFT
2022-04-13,282.730011,288.579987,281.299988,287.619995,285.539154,21907200,MSFT
2022-04-12,289.23999,290.73999,280.48999,282.059998,280.019409,30966700,MSFT
2022-04-11,291.790009,292.609985,285,285.26001,283.196289,34569300,MSFT
2022-04-08,300.440002,301.119995,296.279999,296.970001,294.821503,24361900,MSFT
2022-04-07,296.660004,303.649994,296.350006,301.369995,299.189667,31411200,MSFT
2022-04-06,305.190002,307,296.709991,299.5,297.333191,40110400,MSFT
2022-04-05,313.269989,314.869995,309.869995,310.880005,308.63089,23156700,MSFT
2022-04-04,310.089996,315.109985,309.709991,314.970001,312.691315,24289600,MSFT
2022-04-01,309.369995,310.130005,305.540009,309.420013,307.181458,27110500,MSFT
2022-03-31,313.899994,315.140015,307.890015,308.309998,306.079468,33422100,MSFT
2022-03-30,313.76001,315.950012,311.579987,313.859985,311.589325,28163600,MSFT
2022-03-29,313.910004,315.820007,309.049988,315.410004,313.128113,30393400,MSFT
2022-03-28,304.329987,310.799988,304.329987,310.700012,308.452209,29578200,MSFT
2022-03-25,305.230011,305.5,299.290009,303.679993,301.482971,22566500,MSFT
2022-03-24,299.140015,304.200012,298.320007,304.100006,301.899963,24484500,MSFT
2022-03-23,300.51001,303.230011,297.720001,299.48999,297.323273,25715400,MSFT
2022-03-22,299.799988,305,298.769989,304.059998,301.860229,27599700,MSFT
2022-03-21,298.890015,300.140015,294.899994,299.160004,296.995697,28351200,MSFT
2022-03-18,295.369995,301,292.730011,300.429993,298.2565,43390600,MSFT
2022-03-17,293.290009,295.609985,289.369995,295.220001,293.084167,30816600,MSFT
2022-03-16,289.109985,294.570007,283.200012,294.390015,292.260193,37826300,MSFT
2022-03-15,280.350006,287.820007,278.730011,287.149994,285.072571,34245100,MSFT
2022-03-14,280.339996,285.399994,275.820007,276.440002,274.440063,30660700,MSFT
2022-03-11,287.959991,289.51001,279.429993,280.070007,278.043793,27209300,MSFT
2022-03-10,283.019989,286.600006,280.579987,285.589996,283.523865,30628000,MSFT
2022-03-09,283.440002,289.600006,280.779999,288.5,286.412811,35204500,MSFT
2022-03-08,277.799988,283.959991,270,275.850006,273.854309,48159500,MSFT
2022-03-07,288.529999,289.690002,278.529999,278.910004,276.892181,43157200,MSFT
2022-03-04,294.290009,295.660004,287.170013,289.859985,287.762939,32356500,MSFT
2022-03-03,302.890015,303.130005,294.049988,295.920013,293.779144,27314500,MSFT
2022-03-02,295.359985,301.470001,293.700012,300.190002,298.01825,31873000,MSFT
2022-03-01,296.399994,299.970001,292.149994,294.950012,292.816162,31217800,MSFT
2022-02-28,294.309998,299.140015,293,298.790009,296.628357,34627500,MSFT
2022-02-25,295.140015,297.630005,291.649994,297.309998,295.159088,32546700,MSFT
2022-02-24,272.51001,295.160004,271.519989,294.589996,292.45871,56989700,MSFT
2022-02-23,290.179993,291.700012,280.100006,280.269989,278.24231,37811200,MSFT
2022-02-22,285,291.540009,284.5,287.720001,285.638458,41736100,MSFT
2022-02-18,293.049988,293.859985,286.309998,287.929993,285.846924,34264000,MSFT
2022-02-17,296.359985,296.799988,290,290.730011,288.626678,32461600,MSFT
2022-02-16,298.369995,300.869995,293.679993,299.5,297.333191,29982100,MSFT
2022-02-15,300.01001,300.799988,297.019989,300.470001,297.680695,27058300,MSFT
2022-02-14,293.769989,296.76001,291.350006,295,292.261475,36359500,MSFT
2022-02-11,303.190002,304.290009,294.220001,295.040009,292.301086,39175600,MSFT
2022-02-10,304.040009,309.119995,300.700012,302.380005,299.572968,45386200,MSFT
2022-02-09,309.869995,311.929993,307.390015,311.209991,308.320953,31284700,MSFT
2022-02-08,301.25,305.559998,299.950012,304.559998,301.732697,32421200,MSFT
2022-02-07,306.170013,307.839996,299.899994,300.950012,298.15625,28533300,MSFT
2022-02-04,300.209991,308.799988,299.970001,305.940002,303.099884,35096500,MSFT
2022-02-03,309.48999,311.230011,299.959991,301.25,298.45343,43730000,MSFT
2022-02-02,309.630005,315.119995,308.880005,313.459991,310.550079,36636000,MSFT
2022-02-01,310.410004,310.630005,305.130005,308.76001,305.893738,40950400,MSFT
2022-01-31,308.950012,312.380005,306.369995,310.980011,308.09314,46444500,MSFT
2022-01-28,300.230011,308.480011,294.450012,308.26001,305.398376,49743700,MSFT
2022-01-27,302.660004,307.299988,297.929993,299.839996,297.056549,53481300,MSFT
2022-01-26,307.98999,308.5,293.029999,296.709991,293.955566,90428900,MSFT
2022-01-25,291.519989,294.98999,285.170013,288.48999,285.81189,72848600,MSFT
2022-01-24,292.200012,297.109985,276.049988,296.369995,293.618744,85731500,MSFT
2022-01-21,302.690002,304.109985,295.609985,296.029999,293.281891,57984400,MSFT
2022-01-20,309.070007,311.649994,301.140015,301.600006,298.800201,35380700,MSFT
2022-01-19,306.290009,313.910004,302.700012,303.329987,300.51413,45933900,MSFT
2022-01-18,304.070007,309.799988,301.73999,302.649994,299.840424,42333200,MSFT
2022-01-14,304.25,310.820007,303.75,310.200012,307.320374,39846400,MSFT
2022-01-13,320.470001,320.880005,304,304.799988,301.97049,45366000,MSFT
2022-01-12,319.670013,323.410004,317.079987,318.269989,315.31543,34372200,MSFT
2022-01-11,313.380005,316.609985,309.890015,314.980011,312.056,29386800,MSFT
2022-01-10,309.48999,314.720001,304.690002,314.269989,311.35257,44289500,MSFT
2022-01-07,314.149994,316.5,310.089996,314.040009,311.124695,32720000,MSFT
2022-01-06,313.149994,318.700012,311.48999,313.880005,310.966217,39646100,MSFT
2022-01-05,325.859985,326.070007,315.980011,316.380005,313.443024,40054300,MSFT
2022-01-04,334.829987,335.200012,326.119995,329.01001,325.95578,32674300,MSFT
2022-01-03,335.350006,338,329.779999,334.75,331.642456,28865100,MSFT
2021-12-31,338.51001,339.359985,335.850006,336.320007,333.197906,18000800,MSFT
2021-12-30,341.910004,343.130005,338.820007,339.320007,336.170013,15994500,MSFT
2021-12-29,341.299988,344.299988,339.679993,341.950012,338.775635,15042000,MSFT
2021-12-28,343.149994,343.809998,340.320007,341.25,338.082123,15661500,MSFT
2021-12-27,335.459991,342.480011,335.429993,342.450012,339.270966,19947000,MSFT
2021-12-23,332.75,336.390015,332.730011,334.690002,331.583008,19617800,MSFT
2021-12-22,328.299988,333.609985,325.75,333.200012,330.106873,24831500,MSFT
2021-12-21,323.290009,327.730011,319.799988,327.290009,324.251709,24740600,MSFT
2021-12-20,320.049988,322.799988,317.570007,319.910004,316.940247,28326500,MSFT
2021-12-17,320.880005,324.920013,317.25,323.799988,320.794098,47750300,MSFT
2021-12-16,335.709991,336.76001,323.019989,324.899994,321.883881,35034800,MSFT
2021-12-15,328.609985,335.190002,324.5,334.649994,331.543365,35381100,MSFT
2021-12-14,333.220001,334.640015,324.109985,328.339996,325.291992,44438700,MSFT
2021-12-13,340.679993,343.790009,339.079987,339.399994,336.249298,28899400,MSFT
2021-12-10,334.980011,343,334.790009,342.540009,339.360138,38095700,MSFT
2021-12-09,334.410004,336.48999,332.119995,333.100006,330.007782,22214200,MSFT
2021-12-08,335.309998,335.5,330.799988,334.970001,331.860413,24761000,MSFT
2021-12-07,331.640015,335.799988,330.100006,334.920013,331.810883,31021900,MSFT
2021-12-06,323.950012,327.450012,319.230011,326.190002,323.161926,30032600,MSFT
2021-12-03,331.98999,332.700012,318.029999,323.01001,320.011444,41779300,MSFT
2021-12-02,330.299988,333.48999,327.799988,329.48999,326.431305,30766000,MSFT
2021-12-01,335.130005,339.279999,329.390015,330.079987,327.015778,33337600,MSFT
2021-11-30,335.320007,337.779999,328.98999,330.589996,327.521088,42885600,MSFT
2021-11-29,334.940002,339.029999,334.73999,336.630005,333.505005,28563500,MSFT
2021-11-26,334.350006,337.929993,328.119995,329.679993,326.619507,24217200,MSFT
2021-11-24,336.279999,338.160004,333.910004,337.910004,334.773102,21661300,MSFT
2021-11-23,337.049988,339.450012,333.559998,337.679993,334.545227,30427600,MSFT
2021-11-22,344.619995,349.670013,339.549988,339.829987,336.675262,31031100,MSFT
2021-11-19,342.640015,345.100006,342.200012,343.109985,339.924805,21963400,MSFT
2021-11-18,338.179993,342.450012,337.119995,341.269989,338.101929,22463500,MSFT
2021-11-17,338.940002,342.190002,338,339.119995,335.971893,19053400,MSFT
2021-11-16,335.679993,340.670013,335.51001,339.51001,335.744019,20886800,MSFT
2021-11-15,337.540009,337.880005,334.029999,336.070007,332.342194,16723000,MSFT
2021-11-12,333.920013,337.230011,333.790009,336.720001,332.984985,23831000,MSFT
2021-11-11,331.25,333.769989,330.51001,332.429993,328.742554,16849800,MSFT
2021-11-10,334.570007,334.630005,329.920013,330.799988,327.130615,25500900,MSFT
2021-11-09,337.109985,338.720001,334.529999,335.950012,332.223541,21307400,MSFT
2021-11-08,337.299988,337.649994,334.440002,336.98999,333.251984,20897000,MSFT
2021-11-05,338.51001,338.790009,334.420013,336.059998,332.332275,22570100,MSFT
2021-11-04,332.890015,336.540009,329.51001,336.440002,332.708099,23992200,MSFT
2021-11-03,333.899994,334.899994,330.649994,334,330.295135,21500100,MSFT
2021-11-02,330.309998,333.450012,330,333.130005,329.434814,26487100,MSFT
2021-11-01,331.359985,331.48999,326.369995,329.369995,325.716492,27073200,MSFT
2021-10-29,324.130005,332,323.899994,331.619995,327.941528,34766000,MSFT
2021-10-28,324.329987,324.869995,321.359985,324.350006,320.752197,26297900,MSFT
2021-10-27,316,326.100006,316,323.170013,319.585327,52588700,MSFT
2021-10-26,311,312.399994,308.600006,310.109985,306.670105,28107300,MSFT
2021-10-25,309.359985,309.399994,306.459991,308.130005,304.712097,17554500,MSFT
2021-10-22,310.399994,311.089996,307.799988,309.160004,305.730682,17449300,MSFT
2021-10-21,307.170013,311.019989,306.359985,310.76001,307.312927,16918100,MSFT
2021-10-20,309.209991,309.700012,306.109985,307.410004,304.000122,16537100,MSFT
2021-10-19,308.350006,309.299988,307.220001,308.230011,304.811005,17682100,MSFT
2021-10-18,303.570007,308.209991,302.690002,307.290009,303.881439,22729300,MSFT
2021-10-15,302.339996,304.450012,300.519989,304.209991,300.835602,25384800,MSFT
2021-10-14,299.209991,303.269989,297.829987,302.75,299.391785,27262900,MSFT
2021-10-13,294.910004,297.279999,293.48999,296.309998,293.023224,23416300,MSFT
2021-10-12,295.339996,295.440002,292.350006,292.880005,289.631256,17974100,MSFT
2021-10-11,292.920013,297.970001,292.75,294.230011,290.966339,19298600,MSFT
2021-10-08,296.220001,296.640015,293.76001,294.850006,291.579407,17685700,MSFT
2021-10-07,295.179993,296.640015,293.920013,294.850006,291.579407,20430500,MSFT
2021-10-06,285.779999,293.630005,285.51001,293.109985,289.858704,28002600,MSFT
2021-10-05,284.049988,290.399994,284.049988,288.76001,285.556946,24993000,MSFT
2021-10-04,287.399994,287.75,280.25,283.109985,279.969635,31350700,MSFT
2021-10-01,282.119995,289.980011,281.290009,289.100006,285.893188,30086300,MSFT
2021-09-30,285.709991,287.829987,281.619995,281.920013,278.792816,32343600,MSFT
2021-09-29,285.100006,286.769989,283.01001,284,280.849792,26353700,MSFT
2021-09-28,289.799988,290.779999,282.75,283.519989,280.375092,43186200,MSFT
2021-09-27,296.140015,296.470001,292.940002,294.170013,290.906952,23571700,MSFT
2021-09-24,298.230011,299.799988,296.929993,299.350006,296.02951,14999000,MSFT
2021-09-23,298.850006,300.899994,297.529999,299.559998,296.237183,18604600,MSFT
2021-09-22,296.730011,300.220001,294.51001,298.579987,295.268036,26626300,MSFT
2021-09-21,295.690002,297.540009,294.070007,294.799988,291.529938,22364100,MSFT
2021-09-20,296.329987,298.720001,289.519989,294.299988,291.035461,38278700,MSFT
2021-09-17,304.170013,304.5,299.529999,299.869995,296.543701,41372500,MSFT
2021-09-16,303.76001,305.309998,300.76001,305.220001,301.834381,19550800,MSFT
2021-09-15,303.26001,305.320007,301.820007,304.820007,301.438812,28356300,MSFT
2021-09-14,299.559998,301.390015,298.100006,299.790009,296.46463,21853400,MSFT
2021-09-13,297.549988,298.540009,294.079987,296.98999,293.695618,23652900,MSFT
2021-09-10,298.420013,299.920013,295.380005,295.709991,292.42981,19633400,MSFT
2021-09-09,300.820007,302.140015,297,297.25,293.952789,19927000,MSFT
2021-09-08,299.779999,300.609985,297.470001,300.209991,296.879944,15046800,MSFT
2021-09-07,301.01001,301.089996,298.200012,300.179993,296.850281,17180400,MSFT
2021-09-03,300.98999,302.600006,300.26001,301.140015,297.799652,14747900,MSFT
2021-09-02,302.200012,303.359985,300.179993,301.149994,297.809509,16285600,MSFT
2021-09-01,302.869995,305.190002,301.48999,301.829987,298.481964,18983800,MSFT
2021-08-31,304.420013,304.5,301.5,301.880005,298.531433,26285300,MSFT
2021-08-30,301.119995,304.220001,301.059998,303.589996,300.222443,16348100,MSFT
2021-08-27,298.98999,300.869995,296.829987,299.720001,296.395416,22605700,MSFT
2021-08-26,300.98999,302.429993,298.950012,299.089996,295.772369,17666100,MSFT
2021-08-25,304.299988,304.589996,300.420013,302.01001,298.659973,20006100,MSFT
2021-08-24,305.019989,305.649994,302,302.619995,299.263184,18175800,MSFT
2021-08-23,303.25,305.399994,301.850006,304.649994,301.270691,22830200,MSFT
2021-08-20,299.720001,305.839996,298.059998,304.359985,300.983917,40817600,MSFT
2021-08-19,288.690002,297.470001,288.640015,296.769989,293.478119,29850500,MSFT
2021-08-18,292.040009,294.820007,290.269989,290.730011,287.505127,21813000,MSFT
2021-08-17,292.390015,293.429993,291.079987,293.079987,289.275238,20075300,MSFT
2021-08-16,293.190002,294.820007,290.019989,294.600006,290.775513,22507600,MSFT
2021-08-13,289.480011,292.899994,289.299988,292.850006,289.048248,18249000,MSFT
2021-08-12,286.630005,289.970001,286.339996,289.809998,286.047729,14561300,MSFT
2021-08-11,287.209991,288.660004,285.859985,286.950012,283.224854,13955900,MSFT
2021-08-10,288.799988,289.25,285.200012,286.440002,282.721497,18616600,MSFT
2021-08-09,289.75,291.549988,287.809998,288.329987,284.586945,16117600,MSFT
2021-08-06,288.51001,289.5,287.619995,289.459991,285.702209,16589300,MSFT
2021-08-05,286.880005,289.630005,286.100006,289.519989,285.761444,13900200,MSFT
2021-08-04,286.220001,287.589996,284.649994,286.51001,282.790558,16191300,MSFT
2021-08-03,285.420013,287.230011,284,287.119995,283.392609,17879000,MSFT
2021-08-02,286.359985,286.769989,283.73999,284.820007,281.122467,16267400,MSFT
2021-07-30,285.170013,286.660004,283.910004,284.910004,281.211334,20944800,MSFT
2021-07-29,286.23999,288.619995,286.079987,286.5,282.78067,18168300,MSFT
2021-07-28,288.98999,290.149994,283.829987,286.220001,282.504303,33566900,MSFT
2021-07-27,289.429993,289.579987,282.950012,286.540009,282.82016,33604100,MSFT
2021-07-26,289,289.690002,286.640015,289.049988,285.297607,23176100,MSFT
2021-07-23,287.369995,289.98999,286.5,289.670013,285.909515,22768100,MSFT
2021-07-22,283.839996,286.420013,283.420013,286.140015,282.425385,23384100,MSFT
2021-07-21,278.899994,281.519989,277.290009,281.399994,277.746887,24364300,MSFT
2021-07-20,278.029999,280.970001,276.26001,279.320007,275.693939,26259700,MSFT
2021-07-19,278.929993,280.369995,274.450012,277.01001,273.413879,32935600,MSFT
2021-07-16,282.070007,284.100006,279.459991,280.75,277.105316,26186800,MSFT
2021-07-15,282,282.51001,279.829987,281.029999,277.381683,22604200,MSFT
2021-07-14,282.350006,283.660004,280.549988,282.51001,278.842468,23113700,MSFT
2021-07-13,277.519989,282.850006,277.390015,280.980011,277.332367,26120100,MSFT
2021-07-12,279.160004,279.769989,276.579987,277.320007,273.719879,18931700,MSFT
2021-07-09,275.720001,278.049988,275.320007,277.940002,274.331787,23916700,MSFT
2021-07-08,276.899994,278.730011,274.869995,277.420013,273.818573,24618600,MSFT
2021-07-07,279.399994,280.690002,277.149994,279.929993,276.295959,23260000,MSFT
2021-07-06,278.029999,279.369995,274.299988,277.660004,274.05542,31565600,MSFT
2021-07-02,272.820007,278,272.5,277.649994,274.045532,26458000,MSFT
2021-07-01,269.609985,271.839996,269.600006,271.600006,268.074097,16725300,MSFT
2021-06-30,270.690002,271.359985,269.600006,270.899994,267.383209,21656500,MSFT
2021-06-29,268.869995,271.649994,267.980011,271.399994,267.876678,19937800,MSFT
2021-06-28,266.190002,268.899994,265.910004,268.720001,265.231476,19590000,MSFT
2021-06-25,266.230011,267.25,264.76001,265.019989,261.579498,25611100,MSFT
2021-06-24,266.160004,267.850006,265.470001,266.690002,263.227875,21446900,MSFT
2021-06-23,265.98999,266.829987,264.429993,265.269989,261.826233,19518700,MSFT
2021-06-22,262.720001,265.790009,262.399994,265.51001,262.063171,24694100,MSFT
2021-06-21,259.820007,263.519989,257.920013,262.630005,259.220551,26696100,MSFT
2021-06-18,259.630005,262.299988,258.75,259.429993,256.062103,37202200,MSFT
2021-06-17,256.070007,261.75,256.01001,260.899994,257.513,27565500,MSFT
2021-06-16,259.399994,260.579987,254.419998,257.380005,254.038681,27220000,MSFT
2021-06-15,259.769989,259.98999,257.679993,258.359985,255.005981,18038900,MSFT
2021-06-14,257.899994,259.950012,256.799988,259.890015,256.516144,19150500,MSFT
2021-06-11,257.98999,258.48999,256.609985,257.890015,254.542114,18999700,MSFT
2021-06-10,254.289993,257.459991,253.669998,257.23999,253.900528,24563600,MSFT
2021-06-09,253.809998,255.529999,253.210007,253.589996,250.297928,17937600,MSFT
2021-06-08,255.160004,256.01001,252.509995,252.570007,249.291168,22455000,MSFT
2021-06-07,249.979996,254.089996,249.809998,253.809998,250.51506,23079200,MSFT
2021-06-04,247.759995,251.649994,247.509995,250.789993,247.534241,25281100,MSFT
2021-06-03,245.220001,246.339996,243,245.710007,242.520203,25307700,MSFT
2021-06-02,248.130005,249.270004,245.839996,247.300003,244.089554,19406700,MSFT
2021-06-01,251.229996,251.289993,246.960007,247.399994,244.188278,23213300,MSFT
2021-05-28,251,252.080002,249.559998,249.679993,246.43866,18270200,MSFT
2021-05-27,251.169998,251.479996,249.25,249.309998,246.073456,24426200,MSFT
2021-05-26,251.429993,252.940002,250.75,251.490005,248.225174,17771600,MSFT
2021-05-25,251.770004,252.75,250.820007,251.720001,248.452209,17704300,MSFT
2021-05-24,247.789993,251.160004,247.509995,250.779999,247.524399,21411500,MSFT
2021-05-21,247.570007,248.330002,244.740005,245.169998,241.987228,21863100,MSFT
2021-05-20,243.960007,247.949997,243.860001,246.479996,243.280197,21800700,MSFT
2021-05-19,239.309998,243.229996,238.600006,243.119995,239.963806,25739800,MSFT
2021-05-18,246.270004,246.410004,242.899994,243.080002,239.371643,20168000,MSFT
2021-05-17,246.550003,246.589996,243.520004,245.179993,241.439575,24970200,MSFT
2021-05-14,245.580002,249.179993,245.490005,248.149994,244.364258,23901100,MSFT
2021-05-13,241.800003,245.600006,241.419998,243.029999,239.322388,29624300,MSFT
2021-05-12,242.169998,244.380005,238.070007,239,235.353867,36684400,MSFT
2021-05-11,244.550003,246.600006,242.570007,246.229996,242.473557,33641600,MSFT
2021-05-10,250.869995,251.729996,247.119995,247.179993,243.409058,29299900,MSFT
2021-05-07,252.149994,254.300003,251.169998,252.460007,248.608536,27032900,MSFT
2021-05-06,246.449997,249.860001,244.690002,249.729996,245.920181,26491100,MSFT
2021-05-05,249.059998,249.5,245.820007,246.470001,242.709885,21901300,MSFT
2021-05-04,250.970001,251.210007,245.759995,247.789993,244.00975,32756100,MSFT
2021-05-03,253.399994,254.350006,251.119995,251.860001,248.017654,19626600,MSFT
2021-04-30,249.740005,253.080002,249.600006,252.179993,248.332794,30945100,MSFT
2021-04-29,255.460007,256.100006,249,252.509995,248.657761,40589000,MSFT
2021-04-28,256.079987,256.540009,252.949997,254.559998,250.676468,46903100,MSFT
2021-04-27,261.579987,263.190002,260.119995,261.970001,257.973419,31014200,MSFT
2021-04-26,261.660004,262.440002,260.170013,261.549988,257.559875,19763300,MSFT
2021-04-23,257.880005,261.51001,257.269989,261.149994,257.165924,21462600,MSFT
2021-04-22,260.209991,261.779999,255.639999,257.170013,253.246674,25606200,MSFT
2021-04-21,258.940002,260.679993,257.25,260.579987,256.604614,24030400,MSFT
2021-04-20,257.820007,260.200012,256.839996,258.26001,254.320053,19722900,MSFT
2021-04-19,260.190002,261.480011,257.820007,258.73999,254.792725,23209300,MSFT
2021-04-16,259.470001,261,257.600006,260.73999,256.762207,24878600,MSFT
2021-04-15,257.929993,259.929993,257.730011,259.5,255.541107,25627500,MSFT
2021-04-14,257.480011,258.829987,255.160004,255.589996,251.690765,23070900,MSFT
2021-04-13,257.26001,259.190002,256.829987,258.48999,254.546509,23837500,MSFT
2021-04-12,254.710007,257.670013,254.619995,255.910004,252.00589,27148700,MSFT
2021-04-09,252.869995,255.990005,252.440002,255.850006,251.946793,24326800,MSFT
2021-04-08,252.770004,254.139999,252,253.25,249.386475,23625200,MSFT
2021-04-07,247.809998,250.929993,247.190002,249.899994,246.087555,22719800,MSFT
2021-04-06,247.610001,249.399994,246.880005,247.860001,244.078705,22931900,MSFT
2021-04-05,242.759995,249.960007,242.699997,249.070007,245.270233,36910600,MSFT
2021-04-01,238.470001,242.839996,238.050003,242.350006,238.652756,30338000,MSFT
2021-03-31,232.910004,239.100006,232.389999,235.770004,232.173126,43623500,MSFT
2021-03-30,233.529999,233.850006,231.100006,231.850006,228.312973,24792000,MSFT
2021-03-29,236.589996,236.800003,231.880005,235.240005,231.651215,25227500,MSFT
2021-03-26,231.550003,236.710007,231.550003,236.479996,232.872299,25479900,MSFT
2021-03-25,235.300003,236.940002,231.570007,232.339996,228.795486,34061900,MSFT
2021-03-24,237.850006,238,235.320007,235.460007,231.867889,25620100,MSFT
2021-03-23,237.490005,241.050003,237.070007,237.580002,233.955505,31638400,MSFT
2021-03-22,230.270004,236.899994,230.139999,235.990005,232.389786,30127000,MSFT
2021-03-19,231.020004,232.470001,229.350006,230.350006,226.835831,46430700,MSFT
2021-03-18,232.559998,234.190002,230.330002,230.720001,227.200195,34833000,MSFT
2021-03-17,236.149994,238.550003,233.229996,237.039993,233.423752,29562100,MSFT
2021-03-16,236.279999,240.059998,235.940002,237.710007,234.083542,28092200,MSFT
2021-03-15,234.960007,235.190002,231.809998,234.809998,231.227814,26034900,MSFT
2021-03-12,234.009995,235.820007,233.229996,235.75,232.153427,22653700,MSFT
2021-03-11,234.960007,239.169998,234.309998,237.130005,233.512405,29907600,MSFT
2021-03-10,237,237,232.039993,232.419998,228.874252,29746800,MSFT
2021-03-09,232.880005,235.380005,231.669998,233.779999,230.213516,33080500,MSFT
2021-03-08,231.369995,233.369995,227.130005,227.389999,223.92099,35267400,MSFT
2021-03-05,229.520004,233.270004,226.460007,231.600006,228.066757,41872800,MSFT
2021-03-04,226.740005,232.490005,224.259995,226.729996,223.271042,44727800,MSFT
2021-03-03,232.160004,233.580002,227.259995,227.559998,224.088379,34029500,MSFT
2021-03-02,237.009995,237.300003,233.449997,233.869995,230.302094,22812500,MSFT
2021-03-01,235.899994,237.470001,233.149994,236.940002,233.325287,25324000,MSFT
2021-02-26,231.529999,235.369995,229.539993,232.380005,228.834869,37819200,MSFT
2021-02-25,232.080002,234.589996,227.880005,228.990005,225.496567,39542200,MSFT
2021-02-24,230.009995,235.199997,229,234.550003,230.971756,26339700,MSFT
2021-02-23,230.330002,234.830002,228.729996,233.270004,229.711288,30228700,MSFT
2021-02-22,237.419998,237.929993,232.399994,234.509995,230.932358,36446900,MSFT
2021-02-19,243.75,243.860001,240.179993,240.970001,237.293793,25262600,MSFT
2021-02-18,241.800003,243.929993,240.860001,243.789993,240.07077,16925600,MSFT
2021-02-17,241.320007,244.309998,240.940002,244.199997,240.474518,21653500,MSFT
2021-02-16,245.029999,246.130005,242.919998,243.699997,239.430695,26728500,MSFT
2021-02-12,243.929993,245.300003,242.729996,244.990005,240.69812,16561100,MSFT
2021-02-11,244.779999,245.149994,242.149994,244.490005,240.206879,15751100,MSFT
2021-02-10,245,245.919998,240.889999,242.820007,238.566116,22186700,MSFT
2021-02-09,241.869995,244.759995,241.380005,243.770004,239.499496,23565000,MSFT
2021-02-08,243.149994,243.679993,240.809998,242.470001,238.22229,22211900,MSFT
2021-02-05,242.229996,243.279999,240.419998,242.199997,237.956985,18054800,MSFT
2021-02-04,242.660004,243.240005,240.369995,242.009995,237.770309,25296100,MSFT
2021-02-03,239.570007,245.089996,239.259995,243,238.742981,27158100,MSFT
2021-02-02,241.300003,242.309998,238.690002,239.509995,235.314087,25916300,MSFT
2021-02-01,235.059998,242.5,232.429993,239.649994,235.45163,33314200,MSFT
2021-01-29,235.990005,238.020004,231.350006,231.960007,227.896378,42503100,MSFT
2021-01-28,235.610001,242.639999,235.089996,238.929993,234.744263,49111200,MSFT
2021-01-27,238,240.440002,230.139999,232.899994,228.819901,69870600,MSFT
2021-01-26,231.860001,234.179993,230.080002,232.330002,228.259872,49169600,MSFT
2021-01-25,229.119995,229.779999,224.220001,229.529999,225.508942,33152100,MSFT
2021-01-22,227.080002,230.070007,225.800003,225.949997,221.991653,30172700,MSFT
2021-01-21,224.699997,226.300003,222.419998,224.970001,221.028839,30709400,MSFT
2021-01-20,217.699997,225.789993,217.289993,224.339996,220.409866,37777300,MSFT
2021-01-19,213.75,216.979996,212.630005,216.440002,212.648285,30480900,MSFT
2021-01-15,213.520004,214.509995,212.029999,212.649994,208.924667,31746500,MSFT
2021-01-14,215.910004,217.460007,212.740005,213.020004,209.288193,29480800,MSFT
2021-01-13,214.020004,216.759995,213.929993,216.339996,212.550018,20087100,MSFT
2021-01-12,216.5,217.100006,213.320007,214.929993,211.164703,23249300,MSFT
2021-01-11,218.470001,218.910004,216.729996,217.490005,213.679886,23031300,MSFT
2021-01-08,218.679993,220.580002,217.029999,219.619995,215.772568,22956200,MSFT
2021-01-07,214.039993,219.339996,213.710007,218.289993,214.465836,27694500,MSFT
2021-01-06,212.169998,216.490005,211.940002,212.25,208.531677,35930700,MSFT
2021-01-05,217.259995,218.520004,215.699997,217.899994,214.082687,23823000,MSFT
2021-01-04,222.529999,223,214.809998,217.690002,213.876373,37130100,MSFT
2020-12-31,221.699997,223,219.679993,222.419998,218.523499,20942100,MSFT
2020-12-30,225.229996,225.630005,221.470001,221.679993,217.796478,20272300,MSFT
2020-12-29,226.309998,227.179993,223.580002,224.149994,220.223206,17403200,MSFT
2020-12-28,224.449997,226.029999,223.020004,224.960007,221.019028,17933500,MSFT
2020-12-24,221.419998,223.610001,221.199997,222.75,218.847748,10550600,MSFT
2020-12-23,223.110001,223.559998,220.800003,221.020004,217.148041,18699600,MSFT
2020-12-22,222.690002,225.630005,221.850006,223.940002,220.016876,22612200,MSFT
2020-12-21,217.550003,224,217.279999,222.589996,218.690521,37181900,MSFT
2020-12-18,218.589996,219.690002,216.020004,218.589996,214.76059,63354900,MSFT
2020-12-17,219.869995,220.889999,217.919998,219.419998,215.576065,32515800,MSFT
2020-12-16,214.75,220.110001,214.720001,219.279999,215.438507,35023300,MSFT
2020-12-15,215.169998,215.419998,212.240005,214.130005,210.378738,27000600,MSFT
2020-12-14,213.100006,216.210007,212.880005,214.199997,210.447495,28798400,MSFT
2020-12-11,210.050003,213.320007,209.110001,213.259995,209.523987,30979400,MSFT
2020-12-10,211.770004,213.080002,210.360001,210.520004,206.831985,26733300,MSFT
2020-12-09,215.160004,215.229996,211.210007,211.800003,208.089554,32440600,MSFT
2020-12-08,213.970001,216.949997,212.889999,216.009995,212.225784,23284100,MSFT
2020-12-07,214.369995,215.539993,212.990005,214.289993,210.535919,24620000,MSFT
2020-12-04,214.220001,215.380005,213.179993,214.360001,210.604691,24666000,MSFT
2020-12-03,214.610001,216.380005,213.649994,214.240005,210.486801,25120900,MSFT
2020-12-02,214.880005,215.470001,212.800003,215.369995,211.597015,23724500,MSFT
2020-12-01,214.509995,217.320007,213.350006,216.210007,212.422302,30904500,MSFT
2020-11-30,214.100006,214.759995,210.839996,214.070007,210.319778,33064800,MSFT
2020-11-27,214.850006,216.270004,214.039993,215.229996,211.459457,14512200,MSFT
2020-11-25,215.110001,215.289993,212.460007,213.869995,210.123291,21012900,MSFT
2020-11-24,209.589996,214.25,208.860001,213.860001,210.11348,33979700,MSFT
2020-11-23,210.949997,212.289993,208.160004,210.110001,206.429184,25683500,MSFT
2020-11-20,212.199997,213.289993,210,210.389999,206.704239,22843100,MSFT
2020-11-19,211.380005,213.029999,209.929993,212.419998,208.6987,24792700,MSFT
2020-11-18,213.649994,215.169998,210.929993,211.080002,207.382187,28372800,MSFT
2020-11-17,216.100006,217.679993,214.080002,214.460007,210.152771,24154100,MSFT
2020-11-16,214.869995,217.740005,214.520004,217.229996,212.867126,24953300,MSFT
2020-11-13,216.360001,217.419998,214.160004,216.509995,212.161591,18621100,MSFT
2020-11-12,217.210007,219.110001,214.460007,215.440002,211.113068,21593900,MSFT
2020-11-11,212.389999,218.039993,212.199997,216.550003,212.200806,29440800,MSFT
2020-11-10,214.5,216.5,209.720001,211.009995,206.772049,44045100,MSFT
2020-11-09,224.440002,228.119995,217.880005,218.389999,214.003845,44395000,MSFT
2020-11-06,222.259995,224.360001,218.029999,223.720001,219.226807,25231900,MSFT
2020-11-05,222.039993,224.119995,221.149994,223.289993,218.80542,36080100,MSFT
2020-11-04,214.020004,218.320007,212.419998,216.389999,212.044006,42311800,MSFT
2020-11-03,203.889999,208.119995,203.119995,206.429993,202.284027,27512000,MSFT
2020-11-02,204.289993,205.279999,200.119995,202.330002,198.266403,30842200,MSFT
2020-10-30,203.5,204.289993,199.619995,202.470001,198.403564,36953700,MSFT
2020-10-29,204.070007,207.360001,203.369995,204.720001,200.608383,31432600,MSFT
2020-10-28,207.669998,208.839996,202.100006,202.679993,198.609329,51195600,MSFT
2020-10-27,211.589996,214.669998,210.330002,213.25,208.967056,36700300,MSFT
2020-10-26,213.850006,216.339996,208.100006,210.080002,205.860718,37111600,MSFT
2020-10-23,215.029999,216.279999,213.160004,216.229996,211.887222,18879600,MSFT
2020-10-22,213.929993,216.059998,211.699997,214.889999,210.574142,22351500,MSFT
2020-10-21,213.119995,216.919998,213.119995,214.800003,210.485947,22724900,MSFT
2020-10-20,215.800003,217.369995,213.089996,214.649994,210.338928,22753500,MSFT
2020-10-19,220.419998,222.300003,213.720001,214.220001,209.917587,27625800,MSFT
2020-10-16,220.149994,222.289993,219.320007,219.660004,215.248337,26057900,MSFT
2020-10-15,217.100006,220.360001,216.009995,219.660004,215.248337,22733100,MSFT
2020-10-14,223,224.220001,219.130005,220.860001,216.42424,23421700,MSFT
2020-10-13,222.720001,225.210007,220.429993,222.860001,218.384033,28950800,MSFT
2020-10-12,218.789993,223.860001,216.809998,221.399994,216.953354,40461400,MSFT
2020-10-09,211.229996,215.860001,211.229996,215.809998,211.475616,26458000,MSFT
2020-10-08,210.509995,211.190002,208.320007,210.580002,206.350677,19925800,MSFT
2020-10-07,207.059998,210.110001,206.720001,209.830002,205.615738,25681100,MSFT
2020-10-06,208.820007,210.179993,204.820007,205.910004,201.774475,28554300,MSFT
2020-10-05,207.220001,210.410004,206.979996,210.380005,206.154709,21331600,MSFT
2020-10-02,208,210.990005,205.539993,206.190002,202.048874,33154800,MSFT
2020-10-01,213.490005,213.990005,211.320007,212.460007,208.192963,27158400,MSFT
2020-09-30,207.729996,211.979996,206.539993,210.330002,206.105713,33829100,MSFT
2020-09-29,209.350006,210.070007,206.809998,207.259995,203.097397,24221900,MSFT
2020-09-28,210.880005,212.570007,208.059998,209.440002,205.233597,32004900,MSFT
2020-09-25,203.550003,209.039993,202.539993,207.820007,203.646088,29437300,MSFT
2020-09-24,199.850006,205.570007,199.199997,203.190002,199.1091,31202500,MSFT
2020-09-23,207.899994,208.100006,200.029999,200.589996,196.561325,30803800,MSFT
2020-09-22,205.059998,208.100006,202.080002,207.419998,203.254166,33517100,MSFT
2020-09-21,197.190002,202.710007,196.380005,202.539993,198.472168,39839700,MSFT
2020-09-18,202.800003,203.649994,196.25,200.389999,196.365341,55225300,MSFT
2020-09-17,200.050003,204.330002,199.960007,202.910004,198.834763,34011300,MSFT
2020-09-16,210.619995,210.649994,204.639999,205.050003,200.931747,26328100,MSFT
2020-09-15,208.419998,209.779999,206.929993,208.779999,204.586853,21823900,MSFT
2020-09-14,204.240005,209.199997,204.029999,205.410004,201.284531,30375800,MSFT
2020-09-11,207.199997,208.630005,201.240005,204.029999,199.932236,33620100,MSFT
2020-09-10,213.399994,214.740005,204.110001,205.369995,201.245316,35461500,MSFT
2020-09-09,207.600006,214.839996,206.699997,211.289993,207.046417,45679000,MSFT
2020-09-08,206.5,210.029999,202.199997,202.660004,198.589783,52924300,MSFT
2020-09-04,215.100006,218.360001,205.190002,214.25,209.946991,59664100,MSFT
2020-09-03,229.270004,229.309998,214.960007,217.300003,212.935715,58400300,MSFT
2020-09-02,227.970001,232.860001,227.350006,231.649994,226.997513,34080800,MSFT
2020-09-01,225.509995,227.449997,224.429993,227.270004,222.70549,25725500,MSFT
2020-08-31,227,228.699997,224.309998,225.529999,221.000443,28774200,MSFT
2020-08-28,228.179993,230.639999,226.580002,228.910004,224.312561,26292900,MSFT
2020-08-27,222.889999,231.149994,219.399994,226.580002,222.029327,57602200,MSFT
2020-08-26,217.880005,222.089996,217.360001,221.149994,216.708374,39600800,MSFT
2020-08-25,213.100006,216.610001,213.100006,216.470001,212.122375,23043700,MSFT
2020-08-24,214.789993,215.520004,212.429993,213.690002,209.398209,25460100,MSFT
2020-08-21,213.860001,216.25,212.850006,213.020004,208.741699,36249300,MSFT
2020-08-20,209.539993,215,208.910004,214.580002,210.27037,26981500,MSFT
2020-08-19,211.490005,212.100006,209.25,209.699997,205.488358,27627600,MSFT
2020-08-18,210.529999,212.360001,209.210007,211.490005,206.742661,21336200,MSFT
2020-08-17,209.600006,211.190002,208.919998,210.279999,205.559799,20184800,MSFT
2020-08-14,208.759995,209.589996,207.509995,208.899994,204.210785,17958900,MSFT
2020-08-13,209.440002,211.350006,208.149994,208.699997,204.015259,22588900,MSFT
2020-08-12,205.289993,210.279999,204.75,209.190002,204.494263,28013100,MSFT
2020-08-11,207.160004,207.649994,203.139999,203.380005,198.814697,36446500,MSFT
2020-08-10,211.669998,211.880005,206.350006,208.25,203.575394,36716500,MSFT
2020-08-07,214.850006,215.699997,210.929993,212.479996,207.710419,27820400,MSFT
2020-08-06,212.339996,216.369995,211.550003,216.350006,211.493546,32656800,MSFT
2020-08-05,214.899994,215,211.570007,212.940002,208.160095,28806400,MSFT
2020-08-04,214.169998,214.770004,210.309998,213.289993,208.502228,49280100,MSFT
2020-08-03,211.520004,217.639999,210.440002,216.539993,211.679276,78983000,MSFT
2020-07-31,204.399994,205.100006,199.009995,205.009995,200.408096,51044000,MSFT
2020-07-30,201,204.460007,199.570007,203.899994,199.323029,25079600,MSFT
2020-07-29,202.5,204.649994,202.009995,204.059998,199.479431,19632600,MSFT
2020-07-28,203.610001,204.699997,201.740005,202.020004,197.485229,23251400,MSFT
2020-07-27,201.470001,203.970001,200.860001,203.850006,199.27417,30160900,MSFT
2020-07-24,200.419998,202.860001,197.509995,201.300003,196.781403,39827000,MSFT
2020-07-23,207.190002,210.919998,202.149994,202.539993,197.993561,67457000,MSFT
2020-07-22,209.199997,212.300003,208.389999,211.75,206.996826,49605700,MSFT
2020-07-21,213.660004,213.940002,208.029999,208.75,204.064133,37990400,MSFT
2020-07-20,205,212.300003,203.009995,211.600006,206.850159,36884800,MSFT
2020-07-17,204.470001,205.039993,201.389999,202.880005,198.325912,31635300,MSFT
2020-07-16,205.399994,205.699997,202.309998,203.919998,199.34259,29940700,MSFT
2020-07-15,209.559998,211.330002,205.029999,208.039993,203.370071,32179400,MSFT
2020-07-14,206.130005,208.850006,202.029999,208.350006,203.673141,37591800,MSFT
2020-07-13,214.479996,215.800003,206.5,207.070007,202.421875,38135600,MSFT
2020-07-10,213.619995,214.080002,211.080002,213.669998,208.873703,26177600,MSFT
2020-07-09,216.330002,216.380005,211.470001,214.320007,209.509125,33121700,MSFT
2020-07-08,210.070007,213.259995,208.690002,212.830002,208.052597,33600000,MSFT
2020-07-07,210.449997,214.669998,207.990005,208.25,203.575394,33600700,MSFT
2020-07-06,208.830002,211.130005,208.089996,210.699997,205.970367,31897600,MSFT
2020-07-02,205.679993,208.020004,205,206.259995,201.630051,29315800,MSFT
2020-07-01,203.139999,206.350006,201.770004,204.699997,200.105072,32061200,MSFT
2020-06-30,197.880005,204.399994,197.740005,203.509995,198.941772,34310300,MSFT
2020-06-29,195.779999,198.529999,193.550003,198.440002,193.985596,26701600,MSFT
2020-06-26,199.729996,199.889999,194.880005,196.330002,191.922943,54675800,MSFT
2020-06-25,197.800003,200.610001,195.470001,200.339996,195.842926,27803900,MSFT
2020-06-24,201.600006,203.25,196.559998,197.839996,193.399033,36740600,MSFT
2020-06-23,202.089996,203.949997,201.429993,201.910004,197.377701,30917400,MSFT
2020-06-22,195.789993,200.759995,195.229996,200.570007,196.067795,32818900,MSFT
2020-06-19,198.589996,199.289993,194.369995,195.149994,190.769424,44441100,MSFT
2020-06-18,194,196.490005,194,196.320007,191.913193,23061600,MSFT
2020-06-17,195.029999,196.320007,193.690002,194.240005,189.879837,25687800,MSFT
2020-06-16,192.889999,195.580002,191.460007,193.570007,189.224899,42556700,MSFT
2020-06-15,184.580002,190.820007,184.009995,188.940002,184.698853,32770200,MSFT
2020-06-12,190.539993,191.720001,185.179993,187.740005,183.525787,43373600,MSFT
2020-06-11,193.130005,195.759995,186.070007,186.270004,182.088776,52854700,MSFT
2020-06-10,191.130005,198.520004,191.009995,196.839996,192.421494,43872300,MSFT
2020-06-09,188,190.699997,187.259995,189.800003,185.53952,29783900,MSFT
2020-06-08,185.940002,188.550003,184.440002,188.360001,184.131836,33211600,MSFT
2020-06-05,182.619995,187.729996,182.009995,187.199997,182.997894,39893600,MSFT
2020-06-04,184.300003,185.839996,182.300003,182.919998,178.81395,28761800,MSFT
2020-06-03,184.820007,185.940002,183.580002,185.360001,181.199203,27311000,MSFT
2020-06-02,184.25,185,181.350006,184.910004,180.759308,30794600,MSFT
2020-06-01,182.539993,183,181.460007,182.830002,178.725998,22622400,MSFT
2020-05-29,182.729996,184.270004,180.410004,183.25,179.136581,42130400,MSFT
2020-05-28,180.740005,184.149994,180.380005,181.399994,177.328079,33810200,MSFT
2020-05-27,180.199997,181.990005,176.600006,181.809998,177.728867,39517100,MSFT
2020-05-26,186.339996,186.5,181.100006,181.570007,177.494263,36073600,MSFT
2020-05-22,183.190002,184.460007,182.539993,183.509995,179.390701,20826900,MSFT
2020-05-21,185.399994,186.669998,183.289993,183.429993,179.3125,29119500,MSFT
2020-05-20,184.809998,185.850006,183.940002,185.660004,181.492477,31261300,MSFT
2020-05-19,185.029999,186.600006,183.490005,183.630005,179.00946,26799100,MSFT
2020-05-18,185.75,186.199997,183.960007,184.910004,180.257263,35264500,MSFT
2020-05-15,179.059998,187.059998,177,183.160004,178.551331,46610400,MSFT
2020-05-14,177.539993,180.690002,175.679993,180.529999,175.987503,41873900,MSFT
2020-05-13,182.550003,184.050003,176.539993,179.75,175.227097,44711500,MSFT
2020-05-12,186.800003,187.039993,182.300003,182.509995,177.917618,32038200,MSFT
2020-05-11,183.149994,187.509995,182.850006,186.740005,182.041199,30892700,MSFT
2020-05-08,184.979996,185,183.360001,184.679993,180.033035,30877800,MSFT
2020-05-07,184.169998,184.550003,182.580002,183.600006,178.98027,28316000,MSFT
2020-05-06,182.080002,184.199997,181.630005,182.539993,177.946899,32139300,MSFT
2020-05-05,180.619995,183.649994,179.899994,180.759995,176.2117,36839200,MSFT
2020-05-04,174.490005,179,173.800003,178.839996,174.339981,30372900,MSFT
2020-05-01,175.800003,178.639999,174.009995,174.570007,170.177429,39370500,MSFT
2020-04-30,180,180.399994,176.229996,179.210007,174.700714,53875900,MSFT
2020-04-29,173.220001,177.679993,171.880005,177.429993,172.965485,51286600,MSFT
2020-04-28,175.589996,175.669998,169.389999,169.809998,165.537231,34392700,MSFT
2020-04-27,176.589996,176.899994,173.300003,174.050003,169.670517,33194400,MSFT
2020-04-24,172.059998,174.559998,170.710007,174.550003,170.157928,34277600,MSFT
2020-04-23,174.110001,175.059998,170.910004,171.419998,167.106705,32790800,MSFT
2020-04-22,171.389999,174,170.820007,173.520004,169.153854,34620200,MSFT
2020-04-21,173.5,173.669998,166.110001,167.820007,163.59729,56203700,MSFT
2020-04-20,176.630005,178.75,174.990005,175.059998,170.655106,36669600,MSFT
2020-04-17,179.5,180,175.869995,178.600006,174.106064,52765600,MSFT
2020-04-16,174.300003,177.279999,172.899994,177.039993,172.585312,50479600,MSFT
2020-04-15,171.199997,173.570007,169.240005,171.880005,167.555099,40940800,MSFT
2020-04-14,169,173.75,168,173.699997,169.329346,52874300,MSFT
2020-04-13,164.350006,165.570007,162.300003,165.509995,161.345428,41905300,MSFT
2020-04-09,166.360001,167.369995,163.330002,165.139999,160.984711,51385100,MSFT
2020-04-08,165.669998,166.669998,163.5,165.130005,160.974991,48318200,MSFT
2020-04-07,169.589996,170,163.259995,163.490005,159.376266,62769000,MSFT
2020-04-06,160.320007,166.5,157.580002,165.270004,161.11145,67111700,MSFT
2020-04-03,155.100006,157.380005,152.190002,153.830002,149.959335,41243300,MSFT
2020-04-02,151.860001,155.479996,150.360001,155.259995,151.353333,49630700,MSFT
2020-04-01,153,157.75,150.820007,152.110001,148.282608,57969900,MSFT
2020-03-31,159.399994,164.779999,156.559998,157.710007,153.741669,77927200,MSFT
2020-03-30,152.440002,160.600006,150.009995,160.229996,156.198273,63420300,MSFT
2020-03-27,151.75,154.889999,149.199997,149.699997,145.933212,57042300,MSFT
2020-03-26,148.399994,156.660004,148.369995,156.110001,152.181946,64568100,MSFT
2020-03-25,148.910004,154.330002,144.440002,146.919998,143.22319,75638200,MSFT
2020-03-24,143.75,149.600006,141.270004,148.339996,144.607437,82516700,MSFT
2020-03-23,137.009995,140.570007,132.520004,135.979996,132.558411,78975200,MSFT
2020-03-20,146,147.100006,135.860001,137.350006,133.893997,84866200,MSFT
2020-03-19,142.770004,150.149994,139,142.710007,139.11911,85922700,MSFT
2020-03-18,138,146,135.020004,140.399994,136.867233,81593200,MSFT
2020-03-17,140,147.5,135,146.570007,142.881973,81059800,MSFT
2020-03-16,140,149.350006,135,135.419998,132.012543,87905900,MSFT
2020-03-13,147.5,161.910004,140.729996,158.830002,154.833496,92727400,MSFT
2020-03-12,145.300003,153.470001,138.580002,139.059998,135.560974,93226400,MSFT
2020-03-11,157.130005,157.699997,151.149994,153.630005,149.764343,56371600,MSFT
2020-03-10,158.160004,161.029999,152.580002,160.919998,156.870895,65354400,MSFT
2020-03-09,151,157.75,150,150.619995,146.830078,70419300,MSFT
2020-03-06,162.610001,163.110001,156,161.570007,157.504578,72821100,MSFT
2020-03-05,166.050003,170.869995,165.690002,166.270004,162.086319,47817300,MSFT
2020-03-04,168.490005,170.699997,165.619995,170.550003,166.258591,49814400,MSFT
2020-03-03,173.800003,175,162.259995,164.509995,160.370575,71677000,MSFT
2020-03-02,165.309998,172.919998,162.309998,172.789993,168.442245,71030800,MSFT
2020-02-28,152.410004,163.710007,152,162.009995,157.933472,97012700,MSFT
2020-02-27,163.320007,167.029999,157.979996,158.179993,154.19986,93174900,MSFT
2020-02-26,169.710007,173.259995,168.210007,170.169998,165.888168,56206100,MSFT
2020-02-25,174.199997,174.839996,167.649994,168.070007,163.841019,68073300,MSFT
2020-02-24,167.770004,174.550003,163.229996,170.889999,166.590042,68311100,MSFT
2020-02-21,183.169998,183.5,177.25,178.589996,174.096283,48572600,MSFT
2020-02-20,186.949997,187.25,181.100006,184.419998,179.779602,36862400,MSFT
2020-02-19,188.059998,188.179993,186.470001,187.279999,182.567642,29997500,MSFT
2020-02-18,185.610001,187.699997,185.5,187.229996,182.021713,27792200,MSFT
2020-02-14,183.25,185.410004,182.649994,185.350006,180.194031,23149500,MSFT
2020-02-13,183.080002,186.229996,182.869995,183.710007,178.59964,35295800,MSFT
2020-02-12,185.580002,185.850006,181.850006,184.710007,179.571823,47062900,MSFT
2020-02-11,190.649994,190.699997,183.5,184.440002,179.309357,53159900,MSFT
2020-02-10,183.580002,188.839996,183.25,188.699997,183.450851,35844300,MSFT
2020-02-07,182.850006,185.630005,182.479996,183.889999,178.774612,33529100,MSFT
2020-02-06,180.970001,183.820007,180.059998,183.630005,178.521835,27751400,MSFT
2020-02-05,184.029999,184.199997,178.410004,179.899994,174.895615,39186300,MSFT
2020-02-04,177.139999,180.639999,176.309998,180.119995,175.109467,36433300,MSFT
2020-02-03,170.429993,174.5,170.399994,174.380005,169.52919,30107000,MSFT
2020-01-31,172.210007,172.399994,169.580002,170.229996,165.494629,36142700,MSFT
2020-01-30,174.050003,174.050003,170.789993,172.779999,167.973663,51597500,MSFT
2020-01-29,167.839996,168.75,165.690002,168.039993,163.365555,34754500,MSFT
2020-01-28,163.779999,165.759995,163.070007,165.460007,160.857315,24899900,MSFT
2020-01-27,161.149994,163.380005,160.199997,162.279999,157.765823,32078100,MSFT
2020-01-24,167.509995,167.529999,164.449997,165.039993,160.44899,24918100,MSFT
2020-01-23,166.190002,166.800003,165.270004,166.720001,162.082245,19680800,MSFT
2020-01-22,167.399994,167.490005,165.679993,165.699997,161.090637,24138800,MSFT
2020-01-21,166.679993,168.190002,166.429993,166.5,161.868393,29517200,MSFT
2020-01-17,167.419998,167.470001,165.429993,167.100006,162.451675,34371700,MSFT
2020-01-16,164.350006,166.240005,164.029999,166.169998,161.547546,23865400,MSFT
2020-01-15,162.619995,163.940002,162.570007,163.179993,158.640732,21417900,MSFT
2020-01-14,163.389999,163.600006,161.720001,162.130005,157.619949,23477400,MSFT
2020-01-13,161.759995,163.309998,161.259995,163.279999,158.737946,21626500,MSFT
2020-01-10,162.820007,163.220001,161.179993,161.339996,156.851929,20725900,MSFT
2020-01-09,161.839996,162.220001,161.029999,162.089996,157.581024,21385000,MSFT
2020-01-08,158.929993,160.800003,157.949997,160.089996,155.636688,27746500,MSFT
2020-01-07,159.320007,159.669998,157.320007,157.580002,153.196518,21634100,MSFT
2020-01-06,157.080002,159.100006,156.509995,159.029999,154.606155,20813700,MSFT
2020-01-03,158.320007,159.949997,158.059998,158.619995,154.207581,21116200,MSFT
2020-01-02,158.779999,160.729996,158.330002,160.619995,156.151947,22622100,MSFT
2019-12-31,156.770004,157.770004,156.449997,157.699997,153.313171,18369400,MSFT
2019-12-30,158.990005,159.020004,156.729996,157.589996,153.206223,16348400,MSFT
2019-12-27,159.449997,159.550003,158.220001,158.960007,154.538116,18412800,MSFT
2019-12-26,157.559998,158.729996,157.399994,158.669998,154.256226,14520600,MSFT
2019-12-24,157.479996,157.710007,157.119995,157.380005,153.002075,8989200,MSFT
2019-12-23,158.119995,158.119995,157.270004,157.410004,153.031219,17718200,MSFT
2019-12-20,157.350006,158.490005,156.289993,157.410004,153.031219,53477500,MSFT
2019-12-19,154,155.770004,153.75,155.710007,151.378525,24958900,MSFT
2019-12-18,154.300003,155.479996,154.179993,154.369995,150.07579,24129200,MSFT
2019-12-17,155.449997,155.710007,154.449997,154.690002,150.386887,25425600,MSFT
2019-12-16,155.110001,155.899994,154.820007,155.529999,151.203537,24144200,MSFT
2019-12-13,153,154.889999,152.830002,154.529999,150.231369,23845400,MSFT
2019-12-12,151.649994,153.440002,151.020004,153.240005,148.977219,24612100,MSFT
2019-12-11,151.539993,151.869995,150.330002,151.699997,147.480057,18856600,MSFT
2019-12-10,151.289993,151.889999,150.759995,151.130005,146.925949,16476100,MSFT
2019-12-09,151.070007,152.210007,150.910004,151.360001,147.149521,16687400,MSFT
2019-12-06,150.990005,151.869995,150.270004,151.75,147.528732,16403500,MSFT
2019-12-05,150.050003,150.320007,149.479996,149.929993,145.759308,17869100,MSFT
2019-12-04,150.139999,150.179993,149.199997,149.850006,145.681549,17574700,MSFT
2019-12-03,147.490005,149.429993,146.649994,149.309998,145.156555,24066000,MSFT
2019-12-02,151.809998,151.830002,148.320007,149.550003,145.389908,27418400,MSFT
2019-11-29,152.100006,152.300003,151.279999,151.380005,147.168976,11977300,MSFT
2019-11-27,152.330002,152.5,151.520004,152.320007,148.082825,15184400,MSFT
2019-11-26,151.360001,152.419998,151.320007,152.029999,147.800903,24620100,MSFT
2019-11-25,150,151.350006,149.919998,151.229996,147.023148,22420900,MSFT
2019-11-22,150.070007,150.300003,148.820007,149.589996,145.428787,15901800,MSFT
2019-11-21,149.399994,149.800003,148.5,149.479996,145.321823,18576100,MSFT
2019-11-20,150.309998,150.839996,148.460007,149.619995,145.457916,25696800,MSFT
2019-11-19,150.880005,151.330002,150.199997,150.389999,145.710709,23935700,MSFT
2019-11-18,150.070007,150.550003,148.979996,150.339996,145.662277,21534000,MSFT
2019-11-15,148.929993,149.990005,148.270004,149.970001,145.303757,23485700,MSFT
2019-11-14,147.020004,148.410004,147,148.059998,143.453201,19729800,MSFT
2019-11-13,146.740005,147.460007,146.279999,147.309998,142.726532,16919200,MSFT
2019-11-12,146.279999,147.570007,146.059998,147.070007,142.494019,18641600,MSFT
2019-11-11,145.339996,146.419998,144.729996,146.110001,141.563873,14362600,MSFT
2019-11-08,143.979996,145.990005,143.759995,145.960007,141.418549,16732700,MSFT
2019-11-07,143.839996,144.880005,143.770004,144.259995,139.771423,17786700,MSFT
2019-11-06,144.369995,144.520004,143.199997,144.059998,139.577667,16575800,MSFT
2019-11-05,144.970001,145.020004,143.910004,144.460007,139.96521,18250200,MSFT
2019-11-04,144.830002,145,144.160004,144.550003,140.052414,16912000,MSFT
2019-11-01,144.259995,144.419998,142.970001,143.720001,139.24823,33128400,MSFT
2019-10-31,144.899994,144.929993,142.990005,143.369995,138.909134,24605100,MSFT
2019-10-30,143.520004,145,142.789993,144.610001,140.110519,18496600,MSFT
2019-10-29,144.080002,144.5,142.649994,142.830002,138.385925,20589500,MSFT
2019-10-28,144.399994,145.669998,143.509995,144.190002,139.703613,35280100,MSFT
2019-10-25,139.339996,141.139999,139.199997,140.729996,136.351273,25959700,MSFT
2019-10-24,139.389999,140.419998,138.669998,139.940002,135.585861,37029300,MSFT
2019-10-23,136.880005,137.449997,135.610001,137.240005,132.969849,29844600,MSFT
2019-10-22,138.970001,140.009995,136.259995,136.369995,132.126907,27431000,MSFT
2019-10-21,138.449997,138.5,137.009995,138.429993,134.122833,20078200,MSFT
2019-10-18,139.759995,140,136.559998,137.410004,133.134583,32273500,MSFT
2019-10-17,140.949997,141.419998,139.020004,139.690002,135.343597,21460600,MSFT
2019-10-16,140.789993,140.990005,139.529999,140.410004,136.041229,20751600,MSFT
2019-10-15,140.059998,141.789993,139.809998,141.570007,137.165115,19695700,MSFT
2019-10-14,139.690002,140.289993,139.520004,139.550003,135.208023,13304300,MSFT
2019-10-11,140.119995,141.029999,139.5,139.679993,135.333939,25446000,MSFT
2019-10-10,138.490005,139.669998,138.25,139.100006,134.771973,17654600,MSFT
2019-10-09,137.460007,138.699997,136.970001,138.240005,133.938721,19749900,MSFT
2019-10-08,137.080002,137.759995,135.619995,135.669998,131.44873,25550500,MSFT
2019-10-07,137.139999,138.179993,137.020004,137.119995,132.853592,15303700,MSFT
2019-10-04,136.75,138.25,136.419998,138.119995,133.822464,22897700,MSFT
2019-10-03,134.949997,136.75,133.220001,136.279999,132.039734,24132900,MSFT
2019-10-02,136.25,136.369995,133.580002,134.649994,130.460434,30521700,MSFT
2019-10-01,139.660004,140.25,137,137.070007,132.805145,21466600,MSFT
2019-09-30,138.050003,139.220001,137.779999,139.029999,134.704193,17280900,MSFT
2019-09-27,140.149994,140.360001,136.649994,137.729996,133.444611,22477700,MSFT
2019-09-26,139.440002,140.179993,138.440002,139.539993,135.198288,17456600,MSFT
2019-09-25,137.5,139.960007,136.029999,139.360001,135.023911,21382000,MSFT
2019-09-24,140.360001,140.690002,136.880005,137.380005,133.105515,29773200,MSFT
2019-09-23,139.229996,139.630005,138.440002,139.139999,134.810715,17139300,MSFT
2019-09-20,141.009995,141.649994,138.25,139.440002,135.10141,39167300,MSFT
2019-09-19,140.300003,142.369995,140.070007,141.070007,136.680679,35772100,MSFT
2019-09-18,137.360001,138.669998,136.529999,138.520004,134.209991,23982100,MSFT
2019-09-17,136.960007,137.520004,136.429993,137.389999,133.115189,17814200,MSFT
2019-09-16,135.830002,136.699997,135.660004,136.330002,132.088165,16731400,MSFT
2019-09-13,137.779999,138.059998,136.570007,137.320007,133.047379,23363100,MSFT
2019-09-12,137.850006,138.419998,136.869995,137.520004,133.24115,27010000,MSFT
2019-09-11,135.910004,136.270004,135.089996,136.119995,131.884705,24726100,MSFT
2019-09-10,136.800003,136.889999,134.509995,136.080002,131.845932,28903400,MSFT
2019-09-09,139.589996,139.75,136.460007,137.520004,133.24115,25773900,MSFT
2019-09-06,140.029999,140.179993,138.199997,139.100006,134.771973,20824500,MSFT
2019-09-05,139.110001,140.380005,138.759995,140.050003,135.692429,26101800,MSFT
2019-09-04,137.300003,137.690002,136.479996,137.630005,133.347717,17995900,MSFT
2019-09-03,136.610001,137.199997,135.699997,136.039993,131.80719,18869300,MSFT
2019-08-30,139.149994,139.179993,136.270004,137.860001,133.570572,23940100,MSFT
2019-08-29,137.25,138.440002,136.910004,138.119995,133.822464,20168700,MSFT
2019-08-28,134.880005,135.759995,133.550003,135.559998,131.342087,17393300,MSFT
2019-08-27,136.389999,136.720001,134.660004,135.740005,131.516525,23102100,MSFT
2019-08-26,134.990005,135.559998,133.899994,135.449997,131.23555,20312600,MSFT
2019-08-23,137.190002,138.350006,132.800003,133.389999,129.23967,38508600,MSFT
2019-08-22,138.660004,139.199997,136.289993,137.779999,133.493042,18697000,MSFT
2019-08-21,138.550003,139.490005,138,138.789993,134.471649,14970300,MSFT
2019-08-20,138.210007,138.710007,137.240005,137.259995,132.989243,21170800,MSFT
2019-08-19,137.850006,138.550003,136.889999,138.410004,134.103455,24355700,MSFT
2019-08-16,134.880005,136.460007,134.720001,136.130005,131.894394,24449100,MSFT
2019-08-15,134.389999,134.580002,132.25,133.679993,129.52063,28074400,MSFT
2019-08-14,136.360001,136.919998,133.669998,133.979996,129.811295,32527300,MSFT
2019-08-13,136.050003,138.800003,135,138.600006,133.841888,25154600,MSFT
2019-08-12,137.070007,137.860001,135.240005,135.789993,131.128296,20484300,MSFT
2019-08-09,138.610001,139.380005,136.460007,137.710007,132.982391,23466700,MSFT
2019-08-08,136.600006,138.990005,135.929993,138.889999,134.121887,27496500,MSFT
2019-08-07,133.789993,135.649994,131.830002,135.279999,130.635834,33414500,MSFT
2019-08-06,133.800003,135.679993,133.210007,134.690002,130.066071,32696700,MSFT
2019-08-05,133.300003,133.929993,130.779999,132.210007,127.671249,42749600,MSFT
2019-08-02,138.089996,138.320007,135.259995,136.899994,132.200211,30791600,MSFT
2019-08-01,137,140.940002,136.929993,138.059998,133.320389,40557500,MSFT
2019-07-31,140.330002,140.490005,135.080002,136.270004,131.591858,38598800,MSFT
2019-07-30,140.139999,141.220001,139.800003,140.350006,135.531784,16846500,MSFT
2019-07-29,141.5,141.509995,139.369995,141.029999,136.188416,16605900,MSFT
2019-07-26,140.369995,141.679993,140.300003,141.339996,136.487808,19037600,MSFT
2019-07-25,140.429993,140.610001,139.320007,140.190002,135.377274,18356900,MSFT
2019-07-24,138.899994,140.740005,138.850006,140.720001,135.889069,20738300,MSFT
2019-07-23,139.759995,139.990005,138.029999,139.289993,134.508148,18034600,MSFT
2019-07-22,137.410004,139.190002,137.330002,138.429993,133.677704,25074900,MSFT
2019-07-19,140.220001,140.669998,136.449997,136.619995,131.92984,48992400,MSFT
2019-07-18,135.550003,136.619995,134.669998,136.419998,131.736664,30381800,MSFT
2019-07-17,137.699997,137.929993,136.220001,136.270004,131.591858,20211000,MSFT
2019-07-16,138.960007,139.050003,136.520004,137.080002,132.374039,22726100,MSFT
2019-07-15,139.440002,139.539993,138.460007,138.899994,134.131546,16651500,MSFT
2019-07-12,138.850006,139.130005,138.009995,138.899994,134.131546,18936800,MSFT
2019-07-11,138.199997,139.220001,137.869995,138.399994,133.648712,22327900,MSFT
2019-07-10,137.130005,138.580002,137.020004,137.850006,133.117599,24204400,MSFT
2019-07-09,136,136.970001,135.800003,136.460007,131.77533,19953100,MSFT
2019-07-08,136.399994,137.100006,135.369995,136.960007,132.258148,16779700,MSFT
2019-07-05,135.940002,137.330002,135.720001,137.059998,132.354721,18141100,MSFT
2019-07-03,136.800003,137.740005,136.289993,137.460007,132.740982,13629300,MSFT
2019-07-02,136.119995,136.589996,135.339996,136.580002,131.891205,15237800,MSFT
2019-07-01,136.630005,136.699997,134.970001,135.679993,131.022079,22613500,MSFT
2019-06-28,134.570007,134.600006,133.160004,133.960007,129.36116,30043000,MSFT
2019-06-27,134.139999,134.710007,133.509995,134.149994,129.544632,16557500,MSFT
2019-06-26,134.350006,135.740005,133.600006,133.929993,129.332214,23657700,MSFT
2019-06-25,137.25,137.589996,132.729996,133.429993,128.849335,33327400,MSFT
2019-06-24,137,138.399994,137,137.779999,133.050018,20628800,MSFT
2019-06-21,136.580002,137.729996,136.460007,136.970001,132.267838,36727900,MSFT
2019-06-20,137.449997,137.660004,135.720001,136.949997,132.248505,33042600,MSFT
2019-06-19,135,135.929993,133.809998,135.690002,131.031738,23744400,MSFT
2019-06-18,134.190002,135.240005,133.570007,135.160004,130.519943,25934500,MSFT
2019-06-17,132.630005,133.729996,132.529999,132.850006,128.289261,14517800,MSFT
2019-06-14,132.259995,133.789993,131.639999,132.449997,127.902985,17821700,MSFT
2019-06-13,131.979996,133,131.559998,132.320007,127.777451,17200800,MSFT
2019-06-12,131.399994,131.970001,130.710007,131.490005,126.975952,17092500,MSFT
2019-06-11,133.880005,134.240005,131.279999,132.100006,127.565018,23913700,MSFT
2019-06-10,132.399994,134.080002,132,132.600006,128.047836,26477100,MSFT
2019-06-07,129.190002,132.25,128.259995,131.399994,126.889008,33885600,MSFT
2019-06-06,126.440002,127.970001,125.599998,127.82,123.431938,21459000,MSFT
2019-06-05,124.949997,125.870003,124.209999,125.830002,121.510246,24926100,MSFT
2019-06-04,121.279999,123.279999,120.650002,123.160004,118.931915,29382600,MSFT
2019-06-03,123.849998,124.370003,119.010002,119.839996,115.725861,37983600,MSFT
2019-05-31,124.230003,124.620003,123.32,123.68,119.434074,26646800,MSFT
2019-05-30,125.260002,125.760002,124.779999,125.730003,121.413673,16829600,MSFT
2019-05-29,125.379997,125.389999,124.040001,124.940002,120.650803,22763100,MSFT
2019-05-28,126.980003,128,126.050003,126.160004,121.828926,23128400,MSFT
2019-05-24,126.910004,127.419998,125.970001,126.239998,121.906174,14123400,MSFT
2019-05-23,126.199997,126.290001,124.739998,126.18,121.848228,23603800,MSFT
2019-05-22,126.620003,128.240005,126.519997,127.669998,123.287086,15396500,MSFT
2019-05-21,127.43,127.529999,126.580002,126.900002,122.54351,15293300,MSFT
2019-05-20,126.519997,127.589996,125.760002,126.220001,121.886848,23706900,MSFT
2019-05-17,128.309998,130.460007,127.919998,128.070007,123.673363,25770500,MSFT
2019-05-16,126.75,129.380005,126.459999,128.929993,124.503838,30112200,MSFT
2019-05-15,124.260002,126.709999,123.699997,126.019997,121.693733,24722700,MSFT
2019-05-14,123.870003,125.879997,123.699997,124.730003,120.003815,25266300,MSFT
2019-05-13,124.110001,125.550003,123.040001,123.349998,118.676086,33944900,MSFT
2019-05-10,124.910004,127.93,123.82,127.129997,122.312851,30915100,MSFT
2019-05-09,124.290001,125.790001,123.57,125.5,120.744637,27235800,MSFT
2019-05-08,125.440002,126.370003,124.75,125.510002,120.754242,28419000,MSFT
2019-05-07,126.459999,127.18,124.220001,125.519997,120.763863,36017700,MSFT
2019-05-06,126.389999,128.559998,126.110001,128.149994,123.294205,24239800,MSFT
2019-05-03,127.360001,129.429993,127.25,128.899994,124.015778,24911100,MSFT
2019-05-02,127.980003,128,125.519997,126.209999,121.427719,27350200,MSFT
2019-05-01,130.529999,130.649994,127.699997,127.879997,123.034454,26821700,MSFT
2019-04-30,129.809998,130.699997,129.389999,130.600006,125.65139,24166500,MSFT
2019-04-29,129.899994,130.179993,129.350006,129.770004,124.852829,16324200,MSFT
2019-04-26,129.699997,130.520004,129.020004,129.889999,124.968269,23654900,MSFT
2019-04-25,130.059998,131.369995,128.830002,129.149994,124.256302,38033900,MSFT
2019-04-24,125.790001,125.849998,124.519997,125.010002,120.273178,31257000,MSFT
2019-04-23,124.099998,125.580002,123.830002,125.440002,120.686913,24025500,MSFT
2019-04-22,122.620003,124,122.57,123.760002,119.070564,15648700,MSFT
2019-04-18,122.190002,123.519997,121.300003,123.370003,118.695335,27991000,MSFT
2019-04-17,121.239998,121.849998,120.540001,121.769997,117.155952,19300900,MSFT
2019-04-16,121.639999,121.650002,120.099998,120.769997,116.193855,14071800,MSFT
2019-04-15,120.940002,121.580002,120.57,121.050003,116.463249,15792600,MSFT
2019-04-12,120.639999,120.980003,120.370003,120.949997,116.367035,19745100,MSFT
2019-04-11,120.540001,120.849998,119.919998,120.330002,115.770523,14209100,MSFT
2019-04-10,119.760002,120.349998,119.540001,120.190002,115.635826,16477200,MSFT
2019-04-09,118.629997,119.540001,118.580002,119.279999,114.7603,17612000,MSFT
2019-04-08,119.809998,120.019997,118.639999,119.93,115.385674,15116200,MSFT
2019-04-05,119.389999,120.230003,119.370003,119.889999,115.347198,15826200,MSFT
2019-04-04,120.099998,120.230003,118.379997,119.360001,114.837257,20112800,MSFT
2019-04-03,119.860001,120.43,119.150002,119.970001,115.424164,22860700,MSFT
2019-04-02,119.059998,119.480003,118.519997,119.190002,114.673714,18142300,MSFT
2019-04-01,118.949997,119.110001,118.099998,119.019997,114.510155,22789100,MSFT
2019-03-29,118.07,118.32,116.959999,117.940002,113.471077,25399800,MSFT
2019-03-28,117.440002,117.580002,116.129997,116.93,112.499367,18334800,MSFT
2019-03-27,117.879997,118.209999,115.519997,116.769997,112.345413,22733400,MSFT
2019-03-26,118.620003,118.709999,116.849998,117.910004,113.442207,26097700,MSFT
2019-03-25,116.559998,118.010002,116.32,117.660004,113.201706,27067100,MSFT
2019-03-22,119.5,119.589996,117.040001,117.050003,112.614792,33624500,MSFT
2019-03-21,117.139999,120.82,117.089996,120.220001,115.664696,29854400,MSFT
2019-03-20,117.389999,118.75,116.709999,117.519997,113.067001,28113300,MSFT
2019-03-19,118.089996,118.440002,116.989998,117.650002,113.192085,37588700,MSFT
2019-03-18,116.169998,117.610001,116.050003,117.57,113.115097,31207600,MSFT
2019-03-15,115.339996,117.25,114.589996,115.910004,111.518021,54681100,MSFT
2019-03-14,114.540001,115.199997,114.330002,114.589996,110.248016,30763400,MSFT
2019-03-13,114.129997,115,113.779999,114.5,110.161438,35513800,MSFT
2019-03-12,112.82,113.989998,112.650002,113.620003,109.314781,26132700,MSFT
2019-03-11,110.989998,112.949997,110.980003,112.830002,108.554718,26491600,MSFT
2019-03-08,109.160004,110.709999,108.800003,110.510002,106.322617,22818400,MSFT
2019-03-07,111.400002,111.550003,109.870003,110.389999,106.207176,25339000,MSFT
2019-03-06,111.870003,112.660004,111.43,111.75,107.51564,17687000,MSFT
2019-03-05,112.25,112.389999,111.230003,111.699997,107.467529,19538300,MSFT
2019-03-04,113.019997,113.25,110.800003,112.260002,108.006317,26608000,MSFT
2019-03-01,112.889999,113.019997,111.669998,112.529999,108.266083,23501200,MSFT
2019-02-28,112.040001,112.879997,111.730003,112.029999,107.785034,29083900,MSFT
2019-02-27,111.690002,112.360001,110.879997,112.169998,107.919716,21487100,MSFT
2019-02-26,111.260002,113.239998,111.169998,112.360001,108.102524,21536700,MSFT
2019-02-25,111.760002,112.18,111.260002,111.589996,107.361687,23750600,MSFT
2019-02-22,110.050003,111.199997,109.82,110.970001,106.765182,27763200,MSFT
2019-02-21,106.900002,109.480003,106.870003,109.410004,105.264305,29063200,MSFT
2019-02-20,107.860001,107.940002,106.290001,107.150002,103.089943,21607700,MSFT
2019-02-19,107.790001,108.660004,107.779999,108.169998,103.628723,18038500,MSFT
2019-02-15,107.910004,108.300003,107.360001,108.220001,103.67662,26606900,MSFT
2019-02-14,106.309998,107.290001,105.660004,106.900002,102.412033,21784700,MSFT
2019-02-13,107.5,107.779999,106.709999,106.809998,102.325813,18394900,MSFT
2019-02-12,106.139999,107.139999,105.480003,106.889999,102.402443,25056600,MSFT
2019-02-11,106.199997,106.580002,104.970001,105.25,100.831299,18914100,MSFT
2019-02-08,104.389999,105.779999,104.260002,105.669998,101.233673,21461100,MSFT
2019-02-07,105.190002,105.589996,104.290001,105.269997,100.850464,29760700,MSFT
2019-02-06,107,107,105.529999,106.029999,101.578552,20609800,MSFT
2019-02-05,106.059998,107.269997,105.959999,107.220001,102.718605,27325400,MSFT
2019-02-04,102.870003,105.800003,102.769997,105.739998,101.300728,31315100,MSFT
2019-02-01,103.779999,104.099998,102.349998,102.779999,98.464989,35535700,MSFT
2019-01-31,103.800003,105.220001,103.18,104.43,100.045738,55636400,MSFT
2019-01-30,104.620003,106.379997,104.330002,106.379997,101.913864,49471900,MSFT
2019-01-29,104.879997,104.970001,102.169998,102.940002,98.618301,31490500,MSFT
2019-01-28,106.260002,106.480003,104.660004,105.080002,100.668449,29476700,MSFT
2019-01-25,107.239998,107.879997,106.199997,107.169998,102.6707,31225600,MSFT
2019-01-24,106.860001,107,105.339996,106.199997,101.741417,23164800,MSFT
2019-01-23,106.120003,107.040001,105.339996,106.709999,102.230003,25874300,MSFT
2019-01-22,106.75,107.099998,104.860001,105.68,101.243256,32371300,MSFT
2019-01-18,107.459999,107.900002,105.910004,107.709999,103.188034,37427600,MSFT
2019-01-17,105,106.629997,104.760002,106.120003,101.66478,28393000,MSFT
2019-01-16,105.260002,106.260002,104.959999,105.379997,100.955849,29853900,MSFT
2019-01-15,102.510002,105.050003,101.879997,105.010002,100.601387,31587600,MSFT
2019-01-14,101.900002,102.870003,101.260002,102.050003,97.765633,28437100,MSFT
2019-01-11,103.190002,103.440002,101.639999,102.800003,98.484154,28314200,MSFT
2019-01-10,103.220001,103.75,102.379997,103.599998,99.250572,30067600,MSFT
2019-01-09,103.860001,104.879997,103.239998,104.269997,99.892441,32280800,MSFT
2019-01-08,103.040001,103.970001,101.709999,102.800003,98.484154,31514400,MSFT
2019-01-07,101.639999,103.269997,100.980003,102.059998,97.77523,35656100,MSFT
2019-01-04,99.720001,102.510002,98.93,101.93,97.650696,44060600,MSFT
2019-01-03,100.099998,100.190002,97.199997,97.400002,93.310867,42579100,MSFT
2019-01-02,99.550003,101.75,98.940002,101.120003,96.874687,35329300,MSFT
2018-12-31,101.290001,102.400002,100.440002,101.57,97.305801,33173800,MSFT
2018-12-28,102.089996,102.410004,99.519997,100.389999,96.175362,38196300,MSFT
2018-12-27,99.300003,101.190002,96.400002,101.18,96.932175,49498500,MSFT
2018-12-26,95.139999,100.690002,93.959999,100.559998,96.338196,51634800,MSFT
2018-12-24,97.68,97.970001,93.980003,94.129997,90.178146,43935200,MSFT
2018-12-21,101.629997,103,97.459999,98.230003,94.10601,111242100,MSFT
2018-12-20,103.050003,104.309998,98.779999,101.510002,97.248322,70334200,MSFT
2018-12-19,103.650002,106.879997,101.349998,103.690002,99.336784,68198200,MSFT
2018-12-18,103.75,104.510002,102.519997,103.970001,99.605049,49319200,MSFT
2018-12-17,105.410004,105.800003,101.709999,102.889999,98.570381,56957300,MSFT
2018-12-14,108.25,109.260002,105.5,106.029999,101.578552,47043100,MSFT
2018-12-13,109.580002,110.870003,108.629997,109.449997,104.85498,31333400,MSFT
2018-12-12,110.889999,111.269997,109.040001,109.080002,104.500511,36183000,MSFT
2018-12-11,109.800003,110.949997,107.440002,108.589996,104.031097,42381900,MSFT
2018-12-10,104.800003,107.980003,103.889999,107.589996,103.073059,40801500,MSFT
2018-12-07,108.379997,109.449997,104.300003,104.82,100.419357,45044900,MSFT
2018-12-06,105.82,109.239998,105,109.190002,104.605896,49107400,MSFT
2018-12-04,111.940002,112.639999,108.209999,108.519997,103.964012,45197000,MSFT
2018-12-03,113,113.419998,110.730003,112.089996,107.384132,34732800,MSFT
2018-11-30,110.699997,110.970001,109.360001,110.889999,106.234528,33665600,MSFT
2018-11-29,110.330002,111.120003,109.029999,110.190002,105.563911,28123200,MSFT
2018-11-28,107.889999,111.330002,107.860001,111.120003,106.45488,46788500,MSFT
2018-11-27,106.269997,107.330002,105.360001,107.139999,102.641975,29124500,MSFT
2018-11-26,104.790001,106.629997,104.580002,106.470001,102.000092,32336200,MSFT
2018-11-23,102.169998,103.809998,102,103.07,98.742813,13823100,MSFT
2018-11-21,103.599998,104.43,102.239998,103.110001,98.781151,28130600,MSFT
2018-11-20,101.800003,102.970001,99.349998,101.709999,97.439903,64052500,MSFT
2018-11-19,108.269997,108.559998,103.550003,104.620003,100.22776,44773900,MSFT
2018-11-16,107.080002,108.879997,106.800003,108.290001,103.743668,33502100,MSFT
2018-11-15,104.989998,107.800003,103.910004,107.279999,102.776085,38505200,MSFT
2018-11-14,108.099998,108.260002,104.470001,104.970001,100.56308,39495100,MSFT
2018-11-13,107.550003,108.739998,106.639999,106.940002,102.009659,35374600,MSFT
2018-11-12,109.419998,109.959999,106.099998,106.870003,101.942894,33621800,MSFT
2018-11-09,110.849998,111.449997,108.760002,109.57,104.518417,32039200,MSFT
2018-11-08,111.800003,112.209999,110.910004,111.75,106.597916,25644100,MSFT
2018-11-07,109.440002,112.239998,109.400002,111.959999,106.798203,37901700,MSFT
2018-11-06,107.379997,108.839996,106.279999,107.720001,102.753708,24340200,MSFT
2018-11-05,106.370003,107.739998,105.900002,107.510002,102.553398,27922100,MSFT
2018-11-02,106.480003,107.32,104.980003,106.160004,101.265625,37680200,MSFT
2018-11-01,107.050003,107.32,105.529999,105.919998,101.036697,33384200,MSFT
2018-10-31,105.440002,108.139999,105.389999,106.809998,101.885674,51062400,MSFT
2018-10-30,103.660004,104.379997,100.110001,103.730003,98.947647,65350900,MSFT
2018-10-29,108.110001,108.699997,101.629997,103.849998,99.062126,55162000,MSFT
2018-10-26,105.690002,108.75,104.760002,106.959999,102.02874,55523100,MSFT
2018-10-25,106.550003,109.269997,106.150002,108.300003,103.306976,61646800,MSFT
2018-10-24,108.410004,108.489998,101.589996,102.32,97.602669,63897800,MSFT
2018-10-23,107.769997,108.970001,105.110001,108.099998,103.11618,43770400,MSFT
2018-10-22,109.32,110.540001,108.239998,109.629997,104.575645,26545600,MSFT
2018-10-19,108.93,110.860001,108.209999,108.660004,103.65036,32785500,MSFT
2018-10-18,110.099998,110.529999,107.830002,108.5,103.497734,32506200,MSFT
2018-10-17,111.68,111.809998,109.550003,110.709999,105.60585,26548200,MSFT
2018-10-16,109.540001,111.410004,108.949997,111,105.882492,31610200,MSFT
2018-10-15,108.910004,109.480003,106.949997,107.599998,102.639236,32068100,MSFT
2018-10-12,109.010002,111.239998,107.120003,109.57,104.518417,47742100,MSFT
2018-10-11,105.349998,108.93,104.199997,105.910004,101.027145,63904300,MSFT
2018-10-10,111.239998,111.5,105.790001,106.160004,101.265625,61376300,MSFT
2018-10-09,111.139999,113.080002,110.800003,112.260002,107.084412,26198600,MSFT
2018-10-08,111.660004,112.029999,109.339996,110.849998,105.739395,29640600,MSFT
2018-10-05,112.629997,113.169998,110.639999,112.129997,106.960381,29068900,MSFT
2018-10-04,114.610001,114.760002,111.629997,112.790001,107.589951,34821700,MSFT
2018-10-03,115.419998,116.18,114.93,115.169998,109.860245,16648000,MSFT
2018-10-02,115.300003,115.839996,114.440002,115.150002,109.841156,20787200,MSFT
2018-10-01,114.75,115.68,114.730003,115.610001,110.279945,18883100,MSFT
2018-09-28,114.190002,114.57,113.68,114.370003,109.097122,21647800,MSFT
2018-09-27,114.779999,114.910004,114.199997,114.410004,109.135277,19091300,MSFT
2018-09-26,114.470001,115.059998,113.739998,113.980003,108.725113,19352000,MSFT
2018-09-25,114.800003,115.099998,113.75,114.449997,109.173424,22668000,MSFT
2018-09-24,113.029999,114.900002,112.220001,114.669998,109.383278,27334500,MSFT
2018-09-21,114,115.290001,113.510002,114.260002,108.992188,71229700,MSFT
2018-09-20,112.279999,113.800003,111.93,113.57,108.333984,23714500,MSFT
2018-09-19,113.050003,113.32,111.040001,111.699997,106.550217,21728400,MSFT
2018-09-18,112.190002,113.699997,111.720001,113.209999,107.990578,22170900,MSFT
2018-09-17,113.690002,113.699997,111.860001,112.139999,106.969917,20736500,MSFT
2018-09-14,113.360001,113.730003,112.440002,113.370003,108.143219,19122300,MSFT
2018-09-13,112.120003,113.730003,112.120003,112.910004,107.704422,26055600,MSFT
2018-09-12,111.43,111.849998,110.510002,111.709999,106.559746,18891100,MSFT
2018-09-11,108.900002,111.589996,108.889999,111.239998,106.111427,24301800,MSFT
2018-09-10,108.839996,109.639999,108.360001,109.379997,104.337166,20727900,MSFT
2018-09-07,108.230003,108.720001,107.230003,108.209999,103.221107,22498600,MSFT
2018-09-06,108.25,108.989998,107.510002,108.739998,103.726685,23477600,MSFT
2018-09-05,111.010002,111.419998,108.099998,108.489998,103.488213,32872400,MSFT
2018-09-04,110.849998,111.959999,110.220001,111.709999,106.559746,22634600,MSFT
2018-08-31,111.690002,112.779999,111.519997,112.330002,107.151176,23222700,MSFT
2018-08-30,111.669998,112.610001,111.440002,111.949997,106.788681,22798700,MSFT
2018-08-29,110.449997,112.029999,110.269997,112.019997,106.855461,20818000,MSFT
2018-08-28,109.940002,110.5,109.790001,110.260002,105.176605,19151500,MSFT
2018-08-27,109.269997,109.639999,108.510002,109.599998,104.54702,19662300,MSFT
2018-08-24,107.669998,108.559998,107.559998,108.400002,103.402344,17234000,MSFT
2018-08-23,107.150002,108.18,106.870003,107.559998,102.601097,18167700,MSFT
2018-08-22,105.849998,107.339996,105.779999,107.059998,102.124146,18000600,MSFT
2018-08-21,106.919998,107.349998,105.849998,105.980003,101.093925,22881900,MSFT
2018-08-20,107.510002,107.900002,106.480003,106.870003,101.942894,17914200,MSFT
2018-08-17,107.360001,107.900002,106.690002,107.580002,102.620163,18061500,MSFT
2018-08-16,108.300003,108.860001,107.300003,107.639999,102.677383,21384300,MSFT
2018-08-15,108.489998,108.989998,106.82,107.660004,102.696472,29982800,MSFT
2018-08-14,108.559998,109.75,108.040001,109.559998,104.108246,16788300,MSFT
2018-08-13,109.239998,109.580002,108.099998,108.209999,102.825417,18472500,MSFT
2018-08-10,109.419998,109.690002,108.379997,109,103.576103,18183700,MSFT
2018-08-09,109.709999,110.160004,109.599998,109.669998,104.212776,13677200,MSFT
2018-08-08,109.330002,109.75,108.760002,109.489998,104.041725,15487500,MSFT
2018-08-07,108.559998,109.099998,108.169998,108.879997,103.462059,16080200,MSFT
2018-08-06,108.120003,108.419998,107.559998,108.129997,102.74939,20265900,MSFT
2018-08-03,107.800003,108.050003,106.82,108.040001,102.663864,18659600,MSFT
2018-08-02,105.400002,108.089996,104.839996,107.57,102.217262,26104300,MSFT
2018-08-01,106.029999,106.449997,105.419998,106.279999,100.991455,23628700,MSFT
2018-07-31,106.489998,106.720001,105.379997,106.080002,100.801407,27655200,MSFT
2018-07-30,107.190002,107.529999,104.760002,105.370003,100.12674,34668300,MSFT
2018-07-27,110.18,110.18,106.139999,107.68,102.321793,37005300,MSFT
2018-07-26,110.739998,111,109.5,109.620003,104.16526,31372100,MSFT
2018-07-25,107.959999,111.150002,107.599998,110.830002,105.315041,30702100,MSFT
2018-07-24,108.57,108.82,107.260002,107.660004,102.302788,26316600,MSFT
2018-07-23,106.300003,108.139999,106.129997,107.970001,102.597359,29707000,MSFT
2018-07-20,108.080002,108.199997,106.080002,106.269997,100.981949,56004000,MSFT
2018-07-19,104.93,105.309998,103.889999,104.400002,99.205002,40171600,MSFT
2018-07-18,105.940002,106.050003,104.720001,105.120003,99.889175,29493900,MSFT
2018-07-17,104.610001,106.5,104.32,105.949997,100.677872,25901700,MSFT
2018-07-16,105.400002,105.82,104.519997,104.910004,99.689636,21786900,MSFT
2018-07-13,104.370003,105.599998,104.089996,105.43,100.183739,24635200,MSFT
2018-07-12,102.769997,104.410004,102.730003,104.190002,99.005447,24335900,MSFT
2018-07-11,101.150002,102.339996,101.099998,101.980003,96.905418,19644600,MSFT
2018-07-10,102,102.510002,101.860001,102.120003,97.038452,19293100,MSFT
2018-07-09,101.650002,102.25,101.25,101.849998,96.781883,18212000,MSFT
2018-07-06,99.889999,101.43,99.669998,101.160004,96.126236,19234600,MSFT
2018-07-05,99.5,99.919998,99.029999,99.760002,94.795868,18977400,MSFT
2018-07-03,100.480003,100.629997,98.940002,99.050003,94.121231,14670300,MSFT
2018-07-02,98.099998,100.059998,98,100.010002,95.033455,19564500,MSFT
2018-06-29,98.93,99.910004,98.330002,98.610001,93.703117,28053200,MSFT
2018-06-28,97.379997,99.110001,97.260002,98.629997,93.722107,26650700,MSFT
2018-06-27,99.580002,100.019997,97.400002,97.540001,92.686356,31298400,MSFT
2018-06-26,98.82,100.080002,98.75,99.080002,94.149734,26897200,MSFT
2018-06-25,100,100.110001,97.300003,98.389999,93.494057,35433300,MSFT
2018-06-22,100.410004,100.769997,99.629997,100.410004,95.413551,38923100,MSFT
2018-06-21,102.080002,102.459999,100.879997,101.139999,96.107231,23198200,MSFT
2018-06-20,101.370003,102.519997,101.120003,101.870003,96.800903,26180800,MSFT
2018-06-19,99.650002,101,99.5,100.860001,95.841148,28653100,MSFT
2018-06-18,100.010002,101.110001,99.419998,100.860001,95.841148,23586000,MSFT
2018-06-15,101.510002,101.529999,100.07,100.129997,95.147476,65738600,MSFT
2018-06-14,101.650002,102.029999,101,101.419998,96.373291,25691800,MSFT
2018-06-13,101.720001,102.010002,100.559998,100.849998,95.83165,29492900,MSFT
2018-06-12,101.099998,101.449997,100.75,101.309998,96.268761,18325200,MSFT
2018-06-11,101.010002,101.589996,100.669998,101.050003,96.021698,23490900,MSFT
2018-06-08,101.089996,101.949997,100.540001,101.629997,96.57283,22165100,MSFT
2018-06-07,102.650002,102.690002,100.379997,100.879997,95.860161,28232200,MSFT
2018-06-06,102.480003,102.599998,101.900002,102.489998,97.390045,21122900,MSFT
2018-06-05,102,102.330002,101.529999,102.190002,97.10498,23514400,MSFT
2018-06-04,101.260002,101.860001,100.849998,101.669998,96.61084,27281600,MSFT
2018-06-01,99.279999,100.860001,99.169998,100.790001,95.774635,28655600,MSFT
2018-05-31,99.290001,99.989998,98.610001,98.839996,93.921677,34140900,MSFT
2018-05-30,98.309998,99.25,97.910004,98.949997,94.026199,22158500,MSFT
2018-05-29,97.839996,98.879997,97.230003,98.010002,93.132957,28671000,MSFT
2018-05-25,98.300003,98.980003,97.860001,98.360001,93.465576,18363900,MSFT
2018-05-24,98.730003,98.940002,96.809998,98.309998,93.418053,26649300,MSFT
2018-05-23,96.709999,98.730003,96.32,98.660004,93.750633,21251200,MSFT
2018-05-22,97.68,98.169998,97.199997,97.5,92.648331,15441200,MSFT
2018-05-21,97,98.010002,96.800003,97.599998,92.743378,19422500,MSFT
2018-05-18,96.010002,96.93,96.010002,96.360001,91.565079,17865800,MSFT
2018-05-17,96.760002,97.540001,95.830002,96.18,91.394028,17246700,MSFT
2018-05-16,97.360001,97.400002,96.620003,97.150002,92.315758,17384700,MSFT
2018-05-15,97.239998,97.849998,96.339996,97.32,92.078201,24594000,MSFT
2018-05-14,97.919998,98.690002,97.309998,98.029999,92.749962,19454100,MSFT
2018-05-11,97.800003,97.870003,97.040001,97.699997,92.437737,16778300,MSFT
2018-05-10,97.459999,97.949997,97.050003,97.910004,92.636421,22388100,MSFT
2018-05-09,96.010002,96.970001,95.050003,96.940002,91.718681,27327400,MSFT
2018-05-08,95.849998,96.160004,95.059998,95.809998,90.649529,23484600,MSFT
2018-05-07,95.169998,96.709999,95.099998,96.220001,91.037453,24242000,MSFT
2018-05-04,93.32,95.370003,92.919998,95.160004,90.034538,22531300,MSFT
2018-05-03,92.959999,94.93,92.449997,94.07,89.003242,31142500,MSFT
2018-05-02,94.989998,95.169998,93.190002,93.510002,88.473419,27471000,MSFT
2018-05-01,93.209999,95.290001,92.790001,95,89.883163,31408900,MSFT
2018-04-30,96.330002,96.400002,93.150002,93.519997,88.482872,41523600,MSFT
2018-04-27,97.599998,97.900002,93.910004,95.82,90.658997,48272800,MSFT
2018-04-26,93.550003,95.150002,93.099998,94.260002,89.183022,42529000,MSFT
2018-04-25,93.300003,93.300003,90.279999,92.309998,87.338036,33729300,MSFT
2018-04-24,96.239998,96.470001,92.410004,93.120003,88.104424,34524800,MSFT
2018-04-23,95.739998,96.290001,94.629997,95.349998,90.21431,22331800,MSFT
2018-04-20,95.910004,96.110001,94.050003,95,89.883163,31154400,MSFT
2018-04-19,96.440002,97.07,95.339996,96.110001,90.93338,23552500,MSFT
2018-04-18,96.220001,96.720001,95.519997,96.440002,91.24559,21043300,MSFT
2018-04-17,95,96.540001,94.879997,96.07,90.895515,26771000,MSFT
2018-04-16,94.07,94.660004,93.419998,94.169998,89.097862,20288100,MSFT
2018-04-13,94.050003,94.18,92.440002,93.080002,88.066582,23346100,MSFT
2018-04-12,92.43,94.160004,92.43,93.580002,88.539642,26758900,MSFT
2018-04-11,92.010002,93.290001,91.480003,91.860001,86.912277,24872100,MSFT
2018-04-10,92.389999,93.279999,91.639999,92.879997,87.877342,26812000,MSFT
2018-04-09,91.040001,93.169998,90.620003,90.769997,85.880997,31533900,MSFT
2018-04-06,91.489998,92.459999,89.480003,90.230003,85.370094,38026000,MSFT
2018-04-05,92.440002,93.07,91.400002,92.379997,87.404282,29771900,MSFT
2018-04-04,87.849998,92.760002,87.730003,92.330002,87.356964,35560000,MSFT
2018-04-03,89.580002,90.050003,87.889999,89.709999,84.878082,37213800,MSFT
2018-04-02,90.470001,90.879997,87.510002,88.519997,83.752182,48515400,MSFT
2018-03-29,90.18,92.290001,88.400002,91.269997,86.354057,45867500,MSFT
2018-03-28,89.82,91.230003,88.870003,89.389999,84.575325,52501100,MSFT
2018-03-27,94.940002,95.139999,88.510002,89.470001,84.651024,56569000,MSFT
2018-03-26,90.610001,94,90.400002,93.779999,88.728867,56396800,MSFT
2018-03-23,89.5,90.459999,87.080002,87.18,82.48436,44068900,MSFT
2018-03-22,91.269997,91.75,89.660004,89.790001,84.953789,38604700,MSFT
2018-03-21,92.93,94.050003,92.209999,92.480003,87.498894,24457100,MSFT
2018-03-20,93.050003,93.769997,93,93.129997,88.113876,23075200,MSFT
2018-03-19,93.739998,93.900002,92.110001,92.889999,87.88681,33344100,MSFT
2018-03-16,94.68,95.379997,93.919998,94.599998,89.504723,49081300,MSFT
2018-03-15,93.529999,94.580002,92.830002,94.18,89.107315,27611000,MSFT
2018-03-14,95.120003,95.410004,93.5,93.849998,88.795097,32132000,MSFT
2018-03-13,97,97.239998,93.970001,94.410004,89.324959,35387800,MSFT
2018-03-12,96.5,97.209999,96.040001,96.769997,91.557823,26073700,MSFT
2018-03-09,95.290001,96.540001,95,96.540001,91.340218,36937300,MSFT
2018-03-08,94.269997,95.099998,93.769997,94.43,89.343872,25887800,MSFT
2018-03-07,93.160004,93.940002,92.43,93.860001,88.804565,26716100,MSFT
2018-03-06,94.339996,94.489998,92.940002,93.32,88.29364,22175800,MSFT
2018-03-05,92.339996,94.269997,92.260002,93.639999,88.596436,23901600,MSFT
2018-03-02,91.580002,93.150002,90.860001,93.050003,88.038185,32830400,MSFT
2018-03-01,93.989998,94.57,91.839996,92.849998,87.848961,37135600,MSFT
2018-02-28,94.839996,95.709999,93.629997,93.769997,88.719406,31167300,MSFT
2018-02-27,95.739998,95.839996,94.199997,94.199997,89.126244,25869100,MSFT
2018-02-26,94.400002,95.449997,94.25,95.419998,90.280525,30199800,MSFT
2018-02-23,93.599998,94.07,92.360001,94.059998,88.993797,26329200,MSFT
2018-02-22,92.050003,92.730003,91.360001,91.730003,86.789299,24392800,MSFT
2018-02-21,92.980003,93.360001,91.489998,91.489998,86.56221,26922500,MSFT
2018-02-20,91.480003,93.059998,91.010002,92.720001,87.72596,30911700,MSFT
2018-02-16,92.449997,93.5,91.800003,92,87.044739,30596900,MSFT
2018-02-15,91.209999,92.720001,90.620003,92.660004,87.669205,27823900,MSFT
2018-02-14,88.510002,90.989998,88.410004,90.809998,85.918831,34960900,MSFT
2018-02-13,88.93,90,87.800003,89.830002,84.594246,26407700,MSFT
2018-02-12,88.739998,89.779999,87.93,89.129997,83.935051,35720300,MSFT
2018-02-09,86.300003,88.93,83.830002,88.18,83.040428,63499100,MSFT
2018-02-08,89.709999,89.879997,84.760002,85.010002,80.055176,55628700,MSFT
2018-02-07,90.489998,91.769997,89.199997,89.610001,84.387062,41107600,MSFT
2018-02-06,86.889999,91.480003,85.25,91.330002,86.006828,67998600,MSFT
2018-02-05,90.559998,93.239998,88,88,82.870918,51031500,MSFT
2018-02-02,93.639999,93.970001,91.5,91.779999,86.430588,47867800,MSFT
2018-02-01,94.790001,96.07,93.580002,94.260002,88.766045,47227900,MSFT
2018-01-31,93.75,95.400002,93.510002,95.010002,89.472336,48756300,MSFT
2018-01-30,93.300003,93.660004,92.099998,92.739998,87.334641,38635100,MSFT
2018-01-29,95.139999,95.449997,93.720001,93.919998,88.445847,31569900,MSFT
2018-01-26,93.120003,94.059998,92.580002,94.059998,88.577705,29172200,MSFT
2018-01-25,92.470001,93.239998,91.93,92.330002,86.948532,26383200,MSFT
2018-01-24,92.550003,93.43,91.580002,91.82,86.468254,33277500,MSFT
2018-01-23,91.900002,92.300003,91.540001,91.900002,86.543602,23412800,MSFT
2018-01-22,90,91.620003,89.739998,91.610001,86.270493,23601600,MSFT
2018-01-19,90.139999,90.610001,89.660004,90,84.754318,36875000,MSFT
2018-01-18,89.800003,90.669998,89.660004,90.099998,84.848488,24159700,MSFT
2018-01-17,89.080002,90.279999,88.75,90.139999,84.886177,25621200,MSFT
2018-01-16,90.099998,90.790001,88.010002,88.349998,83.200493,36599700,MSFT
2018-01-12,88.669998,89.779999,88.449997,89.599998,84.37764,24271500,MSFT
2018-01-11,88.129997,88.129997,87.239998,88.080002,82.946251,17808900,MSFT
2018-01-10,87.860001,88.190002,87.410004,87.82,82.701416,18652200,MSFT
2018-01-09,88.650002,88.730003,87.860001,88.220001,83.078102,19484300,MSFT
2018-01-08,88.199997,88.580002,87.599998,88.279999,83.134613,22113000,MSFT
2018-01-05,87.660004,88.410004,87.43,88.190002,83.049828,23407100,MSFT
2018-01-04,86.589996,87.660004,86.57,87.110001,82.032776,21912000,MSFT
2018-01-03,86.059998,86.510002,85.970001,86.349998,81.31707,26061400,MSFT
2018-01-02,86.129997,86.309998,85.5,85.949997,80.940384,22483800,MSFT
2017-12-29,85.629997,86.050003,85.5,85.540001,80.554314,18717400,MSFT
2017-12-28,85.900002,85.93,85.550003,85.720001,80.723793,10594300,MSFT
2017-12-27,85.650002,85.980003,85.220001,85.709999,80.714386,14678000,MSFT
2017-12-26,85.309998,85.529999,85.029999,85.400002,80.422424,9891200,MSFT
2017-12-22,85.400002,85.629997,84.919998,85.510002,80.526047,14145800,MSFT
2017-12-21,86.050003,86.099998,85.400002,85.5,80.516602,17990700,MSFT
2017-12-20,86.199997,86.300003,84.709999,85.519997,80.535461,23674900,MSFT
2017-12-19,86.349998,86.349998,85.269997,85.830002,80.827377,23524800,MSFT
2017-12-18,87.120003,87.5,86.230003,86.379997,81.345337,22283800,MSFT
2017-12-15,85.260002,87.089996,84.879997,86.849998,81.787918,53936700,MSFT
2017-12-14,85.43,85.870003,84.529999,84.690002,79.75383,19306000,MSFT
2017-12-13,85.739998,86,85.169998,85.349998,80.375359,22062700,MSFT
2017-12-12,85.309998,86.050003,85.080002,85.580002,80.591957,23924100,MSFT
2017-12-11,84.290001,85.370003,84.120003,85.230003,80.262375,22857900,MSFT
2017-12-08,83.629997,84.580002,83.330002,84.160004,79.254723,24489100,MSFT
2017-12-07,82.540001,82.800003,82,82.489998,77.682068,23184500,MSFT
2017-12-06,81.550003,83.139999,81.43,82.779999,77.955154,26162100,MSFT
2017-12-05,81.339996,82.68,80.980003,81.589996,76.834518,26152300,MSFT
2017-12-04,84.419998,84.43,80.699997,81.080002,76.35424,39094900,MSFT
2017-12-01,83.599998,84.809998,83.220001,84.260002,79.348907,29532100,MSFT
2017-11-30,83.510002,84.519997,83.339996,84.169998,79.264145,33054600,MSFT
2017-11-29,84.709999,84.919998,83.18,83.339996,78.482521,27381100,MSFT
2017-11-28,84.07,85.059998,84.019997,84.879997,79.932755,21926000,MSFT
2017-11-27,83.309998,83.980003,83.300003,83.870003,78.981628,18265200,MSFT
2017-11-24,83.010002,83.43,82.779999,83.260002,78.407181,7425600,MSFT
2017-11-22,83.830002,83.900002,83.040001,83.110001,78.265923,20553100,MSFT
2017-11-21,82.739998,83.839996,82.739998,83.720001,78.84037,21237500,MSFT
2017-11-20,82.400002,82.589996,82.25,82.529999,77.719711,16315000,MSFT
2017-11-17,83.120003,83.120003,82.239998,82.400002,77.59729,22079000,MSFT